active_count_max,active_count_mean,active_count_min,alive_feature_ratio,boundary_auprc_context,boundary_auprc_fast,boundary_auprc_macro,boundary_auprc_mid,boundary_auprc_overall,boundary_auprc_slow,boundary_f1_context,boundary_f1_fast,boundary_f1_macro,boundary_f1_mid,boundary_f1_overall,boundary_f1_slow,checkpoint_path,config_name,dead_feature_ratio,effective_rank,end_to_end_pass,factor_probe_accuracy,full_prefix_gain,level_horizon,marginal_gain_l2,marginal_gain_l3,marginal_gain_l4,marginal_gain_l5,marginal_gain_l6,nondegrading_pass,nondegrading_violating_levels,nuisance_sensitivity,optimizer_updates,prefix_nrmse_l1,prefix_nrmse_l2,prefix_nrmse_l3,prefix_nrmse_l4,prefix_nrmse_l5,prefix_nrmse_l6,revisit_similarity,seed,strict_monotonic_pass,topk_utilization_entropy,violating_levels
8,7.999176025390625,7,0.9998970031738281,0.06912778716937033,1.0,0.24936111677373804,0.4811812140307629,0.40980624694952184,0.24936111677373804,0.12834224598930483,0.6656816875974718,0.283300198807157,0.47691500524658975,0.3675078672895361,0.283300198807157,/mnt/disk1/backup_user/dat.tt2/xuance/external_baselines/dreamerv3-official/paper_artifacts/synthetic_revision_v13/runs/coarse_protected_fine_x3/seed_0/checkpoints/step_250.npz,coarse_protected_fine_x3,0.000102996826171875,7.784924507141113,True,0.5118174235026042,0.0051733604021642066,"[{'config_name': 'coarse_protected_fine_x3', 'horizon': 1, 'level': 1, 'nrmse': 1.004825247006612, 'seed': 0}, {'config_name': 'coarse_protected_fine_x3', 'horizon': 2, 'level': 2, 'nrmse': 1.0060745132896072, 'seed': 0}, {'config_name': 'coarse_protected_fine_x3', 'horizon': 4, 'level': 3, 'nrmse': 1.004756584638225, 'seed': 0}, {'config_name': 'coarse_protected_fine_x3', 'horizon': 8, 'level': 4, 'nrmse': 1.0059269378002813, 'seed': 0}, {'config_name': 'coarse_protected_fine_x3', 'horizon': 16, 'level': 5, 'nrmse': 1.0072563543640063, 'seed': 0}, {'config_name': 'coarse_protected_fine_x3', 'horizon': 32, 'level': 6, 'nrmse': 1.0068801694190597, 'seed': 0}]",0.002960700116394932,-0.0005016682951519691,0.0005038775090641101,0.0004141834242341602,0.0017962676476229733,False,[3],0.4959767659505208,250,1.000330115275452,0.9973694151590571,0.997871083454209,0.9973672059451449,0.9969530225209108,0.9951567548732878,0.39686067970530464,0,False,0.006674964314970696,[3]
8,7.998992919921875,7,0.9998741149902344,0.04584334290066443,1.0,0.18141811942176958,0.4174690961479724,0.3652297355784352,0.18141811942176958,0.0963855421686747,0.6657090677774814,0.22406904267220712,0.44023710519331155,0.3300939600967764,0.22406904267220712,/mnt/disk1/backup_user/dat.tt2/xuance/external_baselines/dreamerv3-official/paper_artifacts/synthetic_revision_v13/runs/coarse_protected_fine_x3/seed_0/checkpoints/step_500.npz,coarse_protected_fine_x3,0.000125885009765625,7.7543816566467285,True,0.4983245849609375,0.008730371537704285,"[{'config_name': 'coarse_protected_fine_x3', 'horizon': 1, 'level': 1, 'nrmse': 1.004086309137304, 'seed': 0}, {'config_name': 'coarse_protected_fine_x3', 'horizon': 2, 'level': 2, 'nrmse': 1.004630659445237, 'seed': 0}, {'config_name': 'coarse_protected_fine_x3', 'horizon': 4, 'level': 3, 'nrmse': 1.0034527949558798, 'seed': 0}, {'config_name': 'coarse_protected_fine_x3', 'horizon': 8, 'level': 4, 'nrmse': 1.0043998407757044, 'seed': 0}, {'config_name': 'coarse_protected_fine_x3', 'horizon': 16, 'level': 5, 'nrmse': 1.0050968919492396, 'seed': 0}, {'config_name': 'coarse_protected_fine_x3', 'horizon': 32, 'level': 6, 'nrmse': 1.0043757161597846, 'seed': 0}]",0.0034801304914000575,0.0009717006470832956,0.0008162603562303916,0.00025467817978297447,0.0032076018632075654,True,[],0.6102142333984375,500,1.0001705216624444,0.9966903911710443,0.995718690523961,0.9949024301677306,0.9946477519879476,0.9914401501247401,0.3864199652564892,0,True,0.007956110445805353,[]
8,7.995758056640625,7,0.9994697570800781,0.024849416672302137,1.0,0.08959124724945099,0.31104167825112733,0.30301471788446627,0.08959124724945099,0.04754358161648177,0.6688775614649226,0.13932686476652514,0.39220533102624316,0.27745604072813956,0.13932686476652514,/mnt/disk1/backup_user/dat.tt2/xuance/external_baselines/dreamerv3-official/paper_artifacts/synthetic_revision_v13/runs/coarse_protected_fine_x3/seed_0/checkpoints/step_1000.npz,coarse_protected_fine_x3,0.000530242919921875,7.053073883056641,True,0.4285664876302083,0.006182794422865623,"[{'config_name': 'coarse_protected_fine_x3', 'horizon': 1, 'level': 1, 'nrmse': 1.0030760797995941, 'seed': 0}, {'config_name': 'coarse_protected_fine_x3', 'horizon': 2, 'level': 2, 'nrmse': 1.0033659286648573, 'seed': 0}, {'config_name': 'coarse_protected_fine_x3', 'horizon': 4, 'level': 3, 'nrmse': 1.002825024730627, 'seed': 0}, {'config_name': 'coarse_protected_fine_x3', 'horizon': 8, 'level': 4, 'nrmse': 1.0034314981337673, 'seed': 0}, {'config_name': 'coarse_protected_fine_x3', 'horizon': 16, 'level': 5, 'nrmse': 1.0033268697628919, 'seed': 0}, {'config_name': 'coarse_protected_fine_x3', 'horizon': 32, 'level': 6, 'nrmse': 1.0025058375046116, 'seed': 0}]",0.0020898279922584306,0.0012710049478900087,0.00055990317387411,0.00037326878258281404,0.0018887895262602594,True,[],0.7932027180989584,1000,1.0001611545954572,0.9980713266031987,0.9968003216553087,0.9962404184814346,0.9958671496988518,0.9939783601725916,0.3362377438116885,0,True,0.027405520830990134,[]
8,7.999053955078125,7,0.9998817443847656,0.03112437602388219,1.0,0.14837287443172345,0.4184787627089399,0.3492697775192538,0.14837287443172345,0.06986899563318777,0.6701298701298701,0.21682788830078484,0.43332373864056906,0.3213956762010393,0.21682788830078484,/mnt/disk1/backup_user/dat.tt2/xuance/external_baselines/dreamerv3-official/paper_artifacts/synthetic_revision_v13/runs/coarse_protected_fine_x3/seed_1/checkpoints/step_250.npz,coarse_protected_fine_x3,0.000118255615234375,7.633267879486084,True,0.5035390218098958,0.004309381025433323,"[{'config_name': 'coarse_protected_fine_x3', 'horizon': 1, 'level': 1, 'nrmse': 1.0050930037327543, 'seed': 1}, {'config_name': 'coarse_protected_fine_x3', 'horizon': 2, 'level': 2, 'nrmse': 1.0053149855466388, 'seed': 1}, {'config_name': 'coarse_protected_fine_x3', 'horizon': 4, 'level': 3, 'nrmse': 1.0063524323997453, 'seed': 1}, {'config_name': 'coarse_protected_fine_x3', 'horizon': 8, 'level': 4, 'nrmse': 1.0066873492288144, 'seed': 1}, {'config_name': 'coarse_protected_fine_x3', 'horizon': 16, 'level': 5, 'nrmse': 1.0055673661439533, 'seed': 1}, {'config_name': 'coarse_protected_fine_x3', 'horizon': 32, 'level': 6, 'nrmse': 1.0064415962732363, 'seed': 1}]",0.000395626027372753,0.003250814087327636,-0.0024273958780222094,0.004093408273389776,-0.0010030714846346322,False,"[4, 6]",0.4798533121744792,250,1.0003038698141766,0.9999082437868039,0.9966574296994762,0.9990848255774984,0.9949914173041087,0.9959944887887433,0.30895446097112983,1,False,0.007533096677869184,"[4, 6]"
8,7.998809814453125,7,0.9998512268066406,0.02586776739983645,1.0,0.13020552920496983,0.39887757956901515,0.3370312810757582,0.13020552920496983,0.06536964980544747,0.6728441677722217,0.1945121951219512,0.421556984315492,0.30975903842741276,0.1945121951219512,/mnt/disk1/backup_user/dat.tt2/xuance/external_baselines/dreamerv3-official/paper_artifacts/synthetic_revision_v13/runs/coarse_protected_fine_x3/seed_1/checkpoints/step_500.npz,coarse_protected_fine_x3,0.000148773193359375,7.500275611877441,True,0.48701883951822916,0.0068165737099593615,"[{'config_name': 'coarse_protected_fine_x3', 'horizon': 1, 'level': 1, 'nrmse': 1.00436829320104, 'seed': 1}, {'config_name': 'coarse_protected_fine_x3', 'horizon': 2, 'level': 2, 'nrmse': 1.0042054299514425, 'seed': 1}, {'config_name': 'coarse_protected_fine_x3', 'horizon': 4, 'level': 3, 'nrmse': 1.0053339847862826, 'seed': 1}, {'config_name': 'coarse_protected_fine_x3', 'horizon': 8, 'level': 4, 'nrmse': 1.0051985157891947, 'seed': 1}, {'config_name': 'coarse_protected_fine_x3', 'horizon': 16, 'level': 5, 'nrmse': 1.0040622728899407, 'seed': 1}, {'config_name': 'coarse_protected_fine_x3', 'horizon': 32, 'level': 6, 'nrmse': 1.0047788535144586, 'seed': 1}]",0.001456048705164803,0.002655298385190852,-0.0011883803475787325,0.004166047226818459,-0.0002724402596360198,False,"[4, 6]",0.5835673014322916,500,0.9995271985712506,0.9980711498660858,0.995415851480895,0.9966042318284737,0.9924381846016552,0.9927106248612912,0.21728247505028578,1,False,0.009203745216025403,"[4, 6]"
8,7.988494873046875,6,0.9985618591308594,0.02354973411186371,1.0,0.10906655344376477,0.37016254372362967,0.3223690769446046,0.10906655344376477,0.06120218579234973,0.6725732367051138,0.16673579427623395,0.4067352206153468,0.29479644633305563,0.16673579427623395,/mnt/disk1/backup_user/dat.tt2/xuance/external_baselines/dreamerv3-official/paper_artifacts/synthetic_revision_v13/runs/coarse_protected_fine_x3/seed_1/checkpoints/step_1000.npz,coarse_protected_fine_x3,0.001438140869140625,6.927413463592529,True,0.40397237141927084,0.004343402919679162,"[{'config_name': 'coarse_protected_fine_x3', 'horizon': 1, 'level': 1, 'nrmse': 1.0037715403391128, 'seed': 1}, {'config_name': 'coarse_protected_fine_x3', 'horizon': 2, 'level': 2, 'nrmse': 1.0030422346424612, 'seed': 1}, {'config_name': 'coarse_protected_fine_x3', 'horizon': 4, 'level': 3, 'nrmse': 1.0038940191583976, 'seed': 1}, {'config_name': 'coarse_protected_fine_x3', 'horizon': 8, 'level': 4, 'nrmse': 1.004055910353874, 'seed': 1}, {'config_name': 'coarse_protected_fine_x3', 'horizon': 16, 'level': 5, 'nrmse': 1.0025983593832488, 'seed': 1}, {'config_name': 'coarse_protected_fine_x3', 'horizon': 32, 'level': 6, 'nrmse': 1.0034111733657765, 'seed': 1}]",0.0014714248339927627,0.0011336802111160393,-0.0007520164156674669,0.002437558262017636,5.27560282201911e-05,False,[4],0.7345479329427084,1000,0.9993908458885978,0.9979194210546051,0.996785740843489,0.9975377572591565,0.9951001989971389,0.9950474429689187,0.2669711675064608,1,False,0.06291695748665063,[4]
8,7.99932861328125,7,0.9999160766601562,0.08015572201329062,1.0,0.22278446806377739,0.4254635947934463,0.39023765058685833,0.22278446806377739,0.14573991031390135,0.6715426890309927,0.26522060635937883,0.43519837232960323,0.356584436878651,0.26522060635937883,/mnt/disk1/backup_user/dat.tt2/xuance/external_baselines/dreamerv3-official/paper_artifacts/synthetic_revision_v13/runs/coarse_protected_fine_x3/seed_2/checkpoints/step_250.npz,coarse_protected_fine_x3,8.392333984375e-05,7.83369779586792,True,0.5204152425130208,0.0025231873932493043,"[{'config_name': 'coarse_protected_fine_x3', 'horizon': 1, 'level': 1, 'nrmse': 1.0057488751589687, 'seed': 2}, {'config_name': 'coarse_protected_fine_x3', 'horizon': 2, 'level': 2, 'nrmse': 1.0042122343302917, 'seed': 2}, {'config_name': 'coarse_protected_fine_x3', 'horizon': 4, 'level': 3, 'nrmse': 1.0062620313664634, 'seed': 2}, {'config_name': 'coarse_protected_fine_x3', 'horizon': 8, 'level': 4, 'nrmse': 1.0068109768393336, 'seed': 2}, {'config_name': 'coarse_protected_fine_x3', 'horizon': 16, 'level': 5, 'nrmse': 1.0079395316741737, 'seed': 2}, {'config_name': 'coarse_protected_fine_x3', 'horizon': 32, 'level': 6, 'nrmse': 1.006350930134285, 'seed': 2}]",-0.0004751577282073871,0.0007281569054171655,0.0036275292436130924,-0.001520646119953617,0.00016330509238005053,False,"[2, 5]",0.4687957763671875,250,1.0001580616959802,1.0006332194241876,0.9999050625187704,0.9962775332751573,0.997798179395111,0.9976348743027309,0.1187174574404203,2,False,0.005576403605532558,"[2, 5]"
8,7.998870849609375,7,0.9998588562011719,0.052999808239489264,1.0,0.18535739212930355,0.39059399415424084,0.36286171733046746,0.18535739212930355,0.09822866344605474,0.6712440738924309,0.224707929405916,0.4134034508235907,0.32645840939478166,0.224707929405916,/mnt/disk1/backup_user/dat.tt2/xuance/external_baselines/dreamerv3-official/paper_artifacts/synthetic_revision_v13/runs/coarse_protected_fine_x3/seed_2/checkpoints/step_500.npz,coarse_protected_fine_x3,0.000141143798828125,7.788888454437256,True,0.50313720703125,0.006458946161874035,"[{'config_name': 'coarse_protected_fine_x3', 'horizon': 1, 'level': 1, 'nrmse': 1.004929256797592, 'seed': 2}, {'config_name': 'coarse_protected_fine_x3', 'horizon': 2, 'level': 2, 'nrmse': 1.0033942066029318, 'seed': 2}, {'config_name': 'coarse_protected_fine_x3', 'horizon': 4, 'level': 3, 'nrmse': 1.0052518903973102, 'seed': 2}, {'config_name': 'coarse_protected_fine_x3', 'horizon': 8, 'level': 4, 'nrmse': 1.0060723924442516, 'seed': 2}, {'config_name': 'coarse_protected_fine_x3', 'horizon': 16, 'level': 5, 'nrmse': 1.0056866636952049, 'seed': 2}, {'config_name': 'coarse_protected_fine_x3', 'horizon': 32, 'level': 6, 'nrmse': 1.0046195250071204, 'seed': 2}]",0.0006660338102097985,0.001891440582954873,0.003231814847683756,-0.0011022210050082304,0.001771877926033838,False,[5],0.5828653971354166,500,0.9996077906947628,0.998941756884553,0.9970503163015981,0.9938185014539144,0.9949207224589226,0.9931488445328888,0.05729635437745203,2,False,0.00879123443406175,[5]
8,7.9969482421875,7,0.9996185302734375,0.025244450892233847,1.0,0.10551352746721661,0.30736638891659335,0.30872757894865205,0.10551352746721661,0.06073752711496747,0.6700482696555674,0.13870342451001505,0.3632176344793552,0.27428205605398404,0.13870342451001505,/mnt/disk1/backup_user/dat.tt2/xuance/external_baselines/dreamerv3-official/paper_artifacts/synthetic_revision_v13/runs/coarse_protected_fine_x3/seed_2/checkpoints/step_1000.npz,coarse_protected_fine_x3,0.0003814697265625,7.320966720581055,True,0.42238972981770834,0.00441727903289868,"[{'config_name': 'coarse_protected_fine_x3', 'horizon': 1, 'level': 1, 'nrmse': 1.0039582630989605, 'seed': 2}, {'config_name': 'coarse_protected_fine_x3', 'horizon': 2, 'level': 2, 'nrmse': 1.002794449210084, 'seed': 2}, {'config_name': 'coarse_protected_fine_x3', 'horizon': 4, 'level': 3, 'nrmse': 1.00389446100118, 'seed': 2}, {'config_name': 'coarse_protected_fine_x3', 'horizon': 8, 'level': 4, 'nrmse': 1.0049099040837224, 'seed': 2}, {'config_name': 'coarse_protected_fine_x3', 'horizon': 16, 'level': 5, 'nrmse': 1.0038390539162654, 'seed': 2}, {'config_name': 'coarse_protected_fine_x3', 'horizon': 32, 'level': 6, 'nrmse': 1.0030455042790511, 'seed': 2}]",0.0008962338998470543,0.0013386068935993256,0.0012999898344164817,-0.00031529900953020107,0.0011977474145660194,False,[5],0.8105977376302084,1000,0.9995321472104136,0.9986359133105666,0.9972973064169672,0.9959973165825508,0.996312615592081,0.9951148681775149,0.010593232462614965,2,False,0.02072297221476164,[5]
8,7.998992919921875,7,0.9998741149902344,0.04380948781964659,1.0,0.16557016235079478,0.40159311868314723,0.3553085862408767,0.16557016235079478,0.0912280701754386,0.667841265288562,0.20269030877407518,0.4537271694485711,0.32363542449214444,0.20269030877407518,/mnt/disk1/backup_user/dat.tt2/xuance/external_baselines/dreamerv3-official/paper_artifacts/synthetic_revision_v13/runs/coarse_protected_fine_x3/seed_3/checkpoints/step_250.npz,coarse_protected_fine_x3,0.000125885009765625,7.609162330627441,True,0.5074656168619792,0.006170069350732166,"[{'config_name': 'coarse_protected_fine_x3', 'horizon': 1, 'level': 1, 'nrmse': 1.0053076509564507, 'seed': 3}, {'config_name': 'coarse_protected_fine_x3', 'horizon': 2, 'level': 2, 'nrmse': 1.0042830175440343, 'seed': 3}, {'config_name': 'coarse_protected_fine_x3', 'horizon': 4, 'level': 3, 'nrmse': 1.0074578346727867, 'seed': 3}, {'config_name': 'coarse_protected_fine_x3', 'horizon': 8, 'level': 4, 'nrmse': 1.007183980516247, 'seed': 3}, {'config_name': 'coarse_protected_fine_x3', 'horizon': 16, 'level': 5, 'nrmse': 1.0085099507062694, 'seed': 3}, {'config_name': 'coarse_protected_fine_x3', 'horizon': 32, 'level': 6, 'nrmse': 1.007662938092383, 'seed': 3}]",0.0014678017231769536,0.0007289522224254164,0.0018272850109484207,-0.0023901927157429226,0.004536223109924298,False,[5],0.4859975179036458,250,1.0001785632010842,0.9987107614779073,0.9979818092554819,0.9961545242445334,0.9985447169602764,0.9940084938503521,0.1783832133444577,3,False,0.007956110445805353,[5]
8,7.998321533203125,7,0.9997901916503906,0.027418657923461483,1.0,0.12546264246672276,0.35117172536564956,0.3259031336445113,0.12546264246672276,0.05985915492957747,0.6687140429539545,0.16487179487179487,0.43403793132258334,0.298470943789941,0.16487179487179487,/mnt/disk1/backup_user/dat.tt2/xuance/external_baselines/dreamerv3-official/paper_artifacts/synthetic_revision_v13/runs/coarse_protected_fine_x3/seed_3/checkpoints/step_500.npz,coarse_protected_fine_x3,0.000209808349609375,7.410729885101318,True,0.49091695149739584,0.009043019490539872,"[{'config_name': 'coarse_protected_fine_x3', 'horizon': 1, 'level': 1, 'nrmse': 1.0045685363500299, 'seed': 3}, {'config_name': 'coarse_protected_fine_x3', 'horizon': 2, 'level': 2, 'nrmse': 1.0035940962776955, 'seed': 3}, {'config_name': 'coarse_protected_fine_x3', 'horizon': 4, 'level': 3, 'nrmse': 1.005966261807916, 'seed': 3}, {'config_name': 'coarse_protected_fine_x3', 'horizon': 8, 'level': 4, 'nrmse': 1.0051615777325849, 'seed': 3}, {'config_name': 'coarse_protected_fine_x3', 'horizon': 16, 'level': 5, 'nrmse': 1.0057894363263942, 'seed': 3}, {'config_name': 'coarse_protected_fine_x3', 'horizon': 32, 'level': 6, 'nrmse': 1.0053687136289802, 'seed': 3}]",0.00226303036296438,0.0011729158501943004,0.0019733582348142598,-0.000300099617815075,0.003933814660382007,False,[5],0.5871988932291666,500,0.9997663238850927,0.9975032935221283,0.996330377671934,0.9943570194371197,0.9946571190549348,0.9907233043945528,0.11755993701025973,3,False,0.012402229606071083,[5]
8,7.979644775390625,6,0.9974555969238281,0.011818909825929435,1.0,0.0792801771826439,0.2844521505542597,0.2909662829490954,0.0792801771826439,0.01639344262295082,0.6718140408930285,0.1340440232948376,0.3686477174849268,0.2649886495181163,0.1340440232948376,/mnt/disk1/backup_user/dat.tt2/xuance/external_baselines/dreamerv3-official/paper_artifacts/synthetic_revision_v13/runs/coarse_protected_fine_x3/seed_3/checkpoints/step_1000.npz,coarse_protected_fine_x3,0.002544403076171875,6.41057825088501,True,0.41092529296875,0.005652671452526126,"[{'config_name': 'coarse_protected_fine_x3', 'horizon': 1, 'level': 1, 'nrmse': 1.0037661498571673, 'seed': 3}, {'config_name': 'coarse_protected_fine_x3', 'horizon': 2, 'level': 2, 'nrmse': 1.0032886945464914, 'seed': 3}, {'config_name': 'coarse_protected_fine_x3', 'horizon': 4, 'level': 3, 'nrmse': 1.0043567169201408, 'seed': 3}, {'config_name': 'coarse_protected_fine_x3', 'horizon': 8, 'level': 4, 'nrmse': 1.0036238764812302, 'seed': 3}, {'config_name': 'coarse_protected_fine_x3', 'horizon': 16, 'level': 5, 'nrmse': 1.0035276431232205, 'seed': 3}, {'config_name': 'coarse_protected_fine_x3', 'horizon': 32, 'level': 6, 'nrmse': 1.0035630789143701, 'seed': 3}]",0.0016433900449079886,0.0005141282616161202,0.001462676346900893,0.0004316803984177886,0.0016007964006833353,True,[],0.7607625325520834,1000,0.9995590112515843,0.9979156212066763,0.9974014929450602,0.9959388165981593,0.9955071361997415,0.9939063397990582,0.08279511166373951,3,True,0.09977334775894335,[]
8,7.999237060546875,7,0.9999046325683594,0.0643361860185419,1.0,0.18068505417126488,0.3855309182382586,0.36224744251986596,0.18068505417126488,0.10861423220973783,0.6702386551872226,0.2300405953991881,0.42412743237876716,0.3326123021148208,0.2300405953991881,/mnt/disk1/backup_user/dat.tt2/xuance/external_baselines/dreamerv3-official/paper_artifacts/synthetic_revision_v13/runs/coarse_protected_fine_x3/seed_4/checkpoints/step_250.npz,coarse_protected_fine_x3,9.5367431640625e-05,7.722740173339844,False,0.5142923990885416,-0.0005933948567808933,"[{'config_name': 'coarse_protected_fine_x3', 'horizon': 1, 'level': 1, 'nrmse': 1.0045736617263057, 'seed': 4}, {'config_name': 'coarse_protected_fine_x3', 'horizon': 2, 'level': 2, 'nrmse': 1.007360099049317, 'seed': 4}, {'config_name': 'coarse_protected_fine_x3', 'horizon': 4, 'level': 3, 'nrmse': 1.0064994776777323, 'seed': 4}, {'config_name': 'coarse_protected_fine_x3', 'horizon': 8, 'level': 4, 'nrmse': 1.0056446002623192, 'seed': 4}, {'config_name': 'coarse_protected_fine_x3', 'horizon': 16, 'level': 5, 'nrmse': 1.006137431701823, 'seed': 4}, {'config_name': 'coarse_protected_fine_x3', 'horizon': 32, 'level': 6, 'nrmse': 1.008397811008093, 'seed': 4}]",0.0013782843754600593,-0.0022378453243668828,0.00441763250712468,0.001482824377779024,-0.005634290792777774,False,"[3, 6]",0.4771779378255208,250,1.0009328771992203,0.9995545928237602,1.0017924381481271,0.9973748056410024,0.9958919812632234,1.0015262720560012,0.44017287524726334,4,False,0.006239260942413728,"[3, 6]"
8,7.99908447265625,7,0.9998855590820312,0.03443778023337403,1.0,0.14399925382740006,0.35894390673788446,0.33627603892521163,0.14399925382740006,0.06428571428571428,0.6678685569122347,0.19837398373983742,0.4076622978126507,0.30731290729805494,0.19837398373983742,/mnt/disk1/backup_user/dat.tt2/xuance/external_baselines/dreamerv3-official/paper_artifacts/synthetic_revision_v13/runs/coarse_protected_fine_x3/seed_4/checkpoints/step_500.npz,coarse_protected_fine_x3,0.00011444091796875,7.759917259216309,True,0.4978383382161458,0.004333682378465986,"[{'config_name': 'coarse_protected_fine_x3', 'horizon': 1, 'level': 1, 'nrmse': 1.0039287480010954, 'seed': 4}, {'config_name': 'coarse_protected_fine_x3', 'horizon': 2, 'level': 2, 'nrmse': 1.0060665601195238, 'seed': 4}, {'config_name': 'coarse_protected_fine_x3', 'horizon': 4, 'level': 3, 'nrmse': 1.0050280528437396, 'seed': 4}, {'config_name': 'coarse_protected_fine_x3', 'horizon': 8, 'level': 4, 'nrmse': 1.0043879993891358, 'seed': 4}, {'config_name': 'coarse_protected_fine_x3', 'horizon': 16, 'level': 5, 'nrmse': 1.0041437486990177, 'seed': 4}, {'config_name': 'coarse_protected_fine_x3', 'horizon': 32, 'level': 6, 'nrmse': 1.0062567292530744, 'seed': 4}]",0.002463450249067023,-0.0008156417763349744,0.0038280374982723187,0.002162290208574169,-0.00330445380111255,False,"[3, 6]",0.5956319173177084,500,1.0004517987777286,0.9979883485286616,0.9988039903049966,0.9949759528067242,0.9928136625981501,0.9961181163992626,0.4024432766596382,4,False,0.007320126871974882,"[3, 6]"
8,7.9957275390625,7,0.9994659423828125,0.01362969247315759,1.0,0.08659242540113683,0.29659207234491247,0.2966813231240687,0.08659242540113683,0.02779708130646282,0.6667213450891941,0.13624454148471615,0.3653798462428701,0.2664774711215919,0.13624454148471615,/mnt/disk1/backup_user/dat.tt2/xuance/external_baselines/dreamerv3-official/paper_artifacts/synthetic_revision_v13/runs/coarse_protected_fine_x3/seed_4/checkpoints/step_1000.npz,coarse_protected_fine_x3,0.0005340576171875,7.734180927276611,True,0.42202657063802085,0.004324757154261283,"[{'config_name': 'coarse_protected_fine_x3', 'horizon': 1, 'level': 1, 'nrmse': 1.0034369769842693, 'seed': 4}, {'config_name': 'coarse_protected_fine_x3', 'horizon': 2, 'level': 2, 'nrmse': 1.0044696519353258, 'seed': 4}, {'config_name': 'coarse_protected_fine_x3', 'horizon': 4, 'level': 3, 'nrmse': 1.003518010950564, 'seed': 4}, {'config_name': 'coarse_protected_fine_x3', 'horizon': 8, 'level': 4, 'nrmse': 1.0034507624790807, 'seed': 4}, {'config_name': 'coarse_protected_fine_x3', 'horizon': 16, 'level': 5, 'nrmse': 1.0028456146042874, 'seed': 4}, {'config_name': 'coarse_protected_fine_x3', 'horizon': 32, 'level': 6, 'nrmse': 1.0043673211469188, 'seed': 4}]",0.0019089375571383904,0.00039748176705900473,0.0012212534505903205,0.0013410812131808836,-0.0005439968337073164,False,[6],0.7933400472005209,1000,0.9999182294336864,0.998009291876548,0.997611810109489,0.9963905566588986,0.9950494754457178,0.9955934722794251,0.3430823636159516,4,False,0.027571990525765096,[6]
8,7.999053955078125,7,0.9998817443847656,0.06893143957282746,1.0,0.24877189016665385,0.47958213204070677,0.40921147038936845,0.24877189016665385,0.12389380530973451,0.665353037766831,0.2865598027127003,0.4770199189445547,0.36787727348930416,0.2865598027127003,/mnt/disk1/backup_user/dat.tt2/xuance/external_baselines/dreamerv3-official/paper_artifacts/synthetic_revision_v13/runs/early_protected_late_x3/seed_0/checkpoints/step_250.npz,early_protected_late_x3,0.000118255615234375,7.784946918487549,True,0.51182861328125,0.005089940484844679,"[{'config_name': 'early_protected_late_x3', 'horizon': 1, 'level': 1, 'nrmse': 1.0048299305401054, 'seed': 0}, {'config_name': 'early_protected_late_x3', 'horizon': 2, 'level': 2, 'nrmse': 1.0061520125136425, 'seed': 0}, {'config_name': 'early_protected_late_x3', 'horizon': 4, 'level': 3, 'nrmse': 1.00482931196021, 'seed': 0}, {'config_name': 'early_protected_late_x3', 'horizon': 8, 'level': 4, 'nrmse': 1.0059544204213473, 'seed': 0}, {'config_name': 'early_protected_late_x3', 'horizon': 16, 'level': 5, 'nrmse': 1.0072183558847188, 'seed': 0}, {'config_name': 'early_protected_late_x3', 'horizon': 32, 'level': 6, 'nrmse': 1.0067990470842085, 'seed': 0}]",0.0014571974963990542,0.0008806810339061499,0.0004572189112412861,0.0005681214496270348,0.0017267215936711544,True,[],0.4959157307942708,250,1.0002597739044918,0.9988025764080928,0.9979218953741866,0.9974646764629453,0.9968965550133183,0.9951698334196472,0.39718247327742406,0,True,0.007533096677869184,[]
8,7.999237060546875,7,0.9999046325683594,0.043948791391052636,1.0,0.17821636052044007,0.413409822027339,0.36275826689185436,0.17821636052044007,0.08013937282229966,0.6664752568651175,0.21832669322709164,0.43801581843191195,0.3242567669147024,0.21832669322709164,/mnt/disk1/backup_user/dat.tt2/xuance/external_baselines/dreamerv3-official/paper_artifacts/synthetic_revision_v13/runs/early_protected_late_x3/seed_0/checkpoints/step_500.npz,early_protected_late_x3,9.5367431640625e-05,7.753404140472412,True,0.4982269287109375,0.008622473530238928,"[{'config_name': 'early_protected_late_x3', 'horizon': 1, 'level': 1, 'nrmse': 1.0040860440316344, 'seed': 0}, {'config_name': 'early_protected_late_x3', 'horizon': 2, 'level': 2, 'nrmse': 1.0047372319243553, 'seed': 0}, {'config_name': 'early_protected_late_x3', 'horizon': 4, 'level': 3, 'nrmse': 1.0035553908499562, 'seed': 0}, {'config_name': 'early_protected_late_x3', 'horizon': 8, 'level': 4, 'nrmse': 1.0044366904637576, 'seed': 0}, {'config_name': 'early_protected_late_x3', 'horizon': 16, 'level': 5, 'nrmse': 1.0050567726245965, 'seed': 0}, {'config_name': 'early_protected_late_x3', 'horizon': 32, 'level': 6, 'nrmse': 1.004301840046565, 'seed': 0}]",0.001469038882967677,0.002813301364181897,0.0007524582584498285,0.00044555426178560786,0.003142120762853917,True,[],0.61279296875,500,1.0000855994796645,0.9986165605966968,0.9958032592325149,0.9950508009740651,0.9946052467122795,0.9914631259494255,0.3862349988497561,0,True,0.006239260942413728,[]
8,7.99530029296875,6,0.9994125366210938,0.017708901378555023,1.0,0.08428764810539038,0.3025795097766428,0.29777274147319577,0.08428764810539038,0.03205128205128205,0.6671586110769483,0.13396785489808746,0.38042131350681535,0.2695133832862441,0.13396785489808746,/mnt/disk1/backup_user/dat.tt2/xuance/external_baselines/dreamerv3-official/paper_artifacts/synthetic_revision_v13/runs/early_protected_late_x3/seed_0/checkpoints/step_1000.npz,early_protected_late_x3,0.00058746337890625,6.954381465911865,True,0.4236989339192708,0.00593951578686891,"[{'config_name': 'early_protected_late_x3', 'horizon': 1, 'level': 1, 'nrmse': 1.0030920745083176, 'seed': 0}, {'config_name': 'early_protected_late_x3', 'horizon': 2, 'level': 2, 'nrmse': 1.0034888493269247, 'seed': 0}, {'config_name': 'early_protected_late_x3', 'horizon': 4, 'level': 3, 'nrmse': 1.0029371644288034, 'seed': 0}, {'config_name': 'early_protected_late_x3', 'horizon': 8, 'level': 4, 'nrmse': 1.0034984814995813, 'seed': 0}, {'config_name': 'early_protected_late_x3', 'horizon': 16, 'level': 5, 'nrmse': 1.0033052194665537, 'seed': 0}, {'config_name': 'early_protected_late_x3', 'horizon': 32, 'level': 6, 'nrmse': 1.002511758197896, 'seed': 0}]",0.0006999673358991654,0.0024636269861799676,0.0004894734343574569,0.0004606652849441506,0.0018257827454881692,True,[],0.7996012369791666,1000,1.0001079567244546,0.9994079893885555,0.9969443624023755,0.996454888968018,0.9959942236830739,0.9941684409375857,0.3181188552008822,0,True,0.029900641082820385,[]
8,7.99920654296875,7,0.9999008178710938,0.031090506468700665,1.0,0.14759265374678324,0.41664214226529744,0.34858359124551297,0.14759265374678324,0.0684326710816777,0.6706736174997445,0.22058252427184466,0.43198159332758124,0.32245058609053856,0.22058252427184466,/mnt/disk1/backup_user/dat.tt2/xuance/external_baselines/dreamerv3-official/paper_artifacts/synthetic_revision_v13/runs/early_protected_late_x3/seed_1/checkpoints/step_250.npz,early_protected_late_x3,9.918212890625e-05,7.626467704772949,True,0.503515625,0.00447922539099288,"[{'config_name': 'early_protected_late_x3', 'seed': 1, 'level': 1, 'horizon': 1, 'nrmse': 1.0050390989133}, {'config_name': 'early_protected_late_x3', 'seed': 1, 'level': 2, 'horizon': 2, 'nrmse': 1.005430925092744}, {'config_name': 'early_protected_late_x3', 'seed': 1, 'level': 3, 'horizon': 4, 'nrmse': 1.0063061272761482}, {'config_name': 'early_protected_late_x3', 'seed': 1, 'level': 4, 'horizon': 8, 'nrmse': 1.006544280535869}, {'config_name': 'early_protected_late_x3', 'seed': 1, 'level': 5, 'horizon': 16, 'nrmse': 1.0056218011747466}, {'config_name': 'early_protected_late_x3', 'seed': 1, 'level': 6, 'horizon': 32, 'nrmse': 1.0064392103222113}]",-0.0010810125514524316,0.004792933766506469,-0.002274606643863697,0.004087045737322992,-0.0010451349175204516,False,"[2, 4, 6]",0.4798380533854167,250,1.0004691190147992,1.0015501315662516,0.9967571977997451,0.9990318044436088,0.9949447587062858,0.9959898936238063,0.3020187782716646,1,False,0.006457700116004689,"[2, 4, 6]"
8,7.998626708984375,7,0.9998283386230469,0.02537757757367633,1.0,0.12741676889643033,0.39333678108052855,0.33470957928941314,0.12741676889643033,0.06523468575974543,0.6731420642370322,0.18590425531914892,0.4204666393778142,0.306130380002578,0.18590425531914892,/mnt/disk1/backup_user/dat.tt2/xuance/external_baselines/dreamerv3-official/paper_artifacts/synthetic_revision_v13/runs/early_protected_late_x3/seed_1/checkpoints/step_500.npz,early_protected_late_x3,0.000171661376953125,7.492742538452148,True,0.4868398030598958,0.006974665057506768,"[{'config_name': 'early_protected_late_x3', 'seed': 1, 'level': 1, 'horizon': 1, 'nrmse': 1.0043370107320453}, {'config_name': 'early_protected_late_x3', 'seed': 1, 'level': 2, 'horizon': 2, 'nrmse': 1.0043404571057482}, {'config_name': 'early_protected_late_x3', 'seed': 1, 'level': 3, 'horizon': 4, 'nrmse': 1.0053186086574546}, {'config_name': 'early_protected_late_x3', 'seed': 1, 'level': 4, 'horizon': 8, 'nrmse': 1.0050451963436973}, {'config_name': 'early_protected_late_x3', 'seed': 1, 'level': 5, 'horizon': 16, 'nrmse': 1.0041259866191645}, {'config_name': 'early_protected_late_x3', 'seed': 1, 'level': 6, 'horizon': 32, 'nrmse': 1.0047815929397095}]",-0.0003872310145071056,0.004515103024925082,-0.0009796538171668034,0.004121244368681776,-0.0002947975044261808,False,"[2, 4, 6]",0.5840708414713541,500,0.9997084424805965,1.0000956734951036,0.9955805704701786,0.9965602242873454,0.9924389799186636,0.9927337774230898,0.18616240895082228,1,False,0.010423064156416575,"[2, 4, 6]"
8,7.9869384765625,7,0.9983673095703125,0.02168724446221535,1.0,0.0989265367731015,0.3501128875281115,0.313930641107306,0.0989265367731015,0.050314465408805034,0.6711626100995238,0.16233907920576043,0.40185572935911645,0.28960219265579323,0.16233907920576043,/mnt/disk1/backup_user/dat.tt2/xuance/external_baselines/dreamerv3-official/paper_artifacts/synthetic_revision_v13/runs/early_protected_late_x3/seed_1/checkpoints/step_1000.npz,early_protected_late_x3,0.0016326904296875,6.912590503692627,True,0.4048817952473958,0.0043649648474609615,"[{'config_name': 'early_protected_late_x3', 'seed': 1, 'level': 1, 'horizon': 1, 'nrmse': 1.0037929255297815}, {'config_name': 'early_protected_late_x3', 'seed': 1, 'level': 2, 'horizon': 2, 'nrmse': 1.0031169944412457}, {'config_name': 'early_protected_late_x3', 'seed': 1, 'level': 3, 'horizon': 4, 'nrmse': 1.0039217668851332}, {'config_name': 'early_protected_late_x3', 'seed': 1, 'level': 4, 'horizon': 8, 'nrmse': 1.0039697510113033}, {'config_name': 'early_protected_late_x3', 'seed': 1, 'level': 5, 'horizon': 16, 'nrmse': 1.0026908812618862}, {'config_name': 'early_protected_late_x3', 'seed': 1, 'level': 6, 'horizon': 32, 'nrmse': 1.0034295540255247}]",0.00028923028536775863,0.0022192879275054755,-0.000573688668685457,0.002430930620281435,-7.95317008250862e-07,False,[4],0.7424112955729166,1000,0.9995472582335722,0.9992580279482044,0.9970387400206989,0.9976124286893844,0.9951814980691029,0.9951822933861112,0.16547641869044433,1,False,0.06963782044359529,"[4, 6]"
8,7.998931884765625,7,0.9998664855957031,0.07725330373713245,1.0,0.22306501726513403,0.4269608253231676,0.3900688327181136,0.22306501726513403,0.12550937245313773,0.6718682979636021,0.26318383440118287,0.43668290800328047,0.35208564944447723,0.26318383440118287,/mnt/disk1/backup_user/dat.tt2/xuance/external_baselines/dreamerv3-official/paper_artifacts/synthetic_revision_v13/runs/early_protected_late_x3/seed_2/checkpoints/step_250.npz,early_protected_late_x3,0.000133514404296875,7.833029747009277,True,0.5202911376953125,0.002627992501237797,"[{'config_name': 'early_protected_late_x3', 'seed': 2, 'level': 1, 'horizon': 1, 'nrmse': 1.0058177142644686}, {'config_name': 'early_protected_late_x3', 'seed': 2, 'level': 2, 'horizon': 2, 'nrmse': 1.0040639518925139}, {'config_name': 'early_protected_late_x3', 'seed': 2, 'level': 3, 'horizon': 4, 'nrmse': 1.0062373765392048}, {'config_name': 'early_protected_late_x3', 'seed': 2, 'level': 4, 'horizon': 8, 'nrmse': 1.0066694104118485}, {'config_name': 'early_protected_late_x3', 'seed': 2, 'level': 5, 'horizon': 16, 'nrmse': 1.0079486336354915}, {'config_name': 'early_protected_late_x3', 'seed': 2, 'level': 6, 'horizon': 32, 'nrmse': 1.0063724920620667}]",-0.0021502720848924906,0.0025497863287505806,0.0035353608392018065,-0.0014156642748521797,0.00010878169303008,False,"[2, 5]",0.4686533610026042,250,1.0002100224071921,1.0023602944920846,0.999810508163334,0.9962751473241322,0.9976908115989844,0.9975820299059543,0.13020330984047196,2,False,0.008375419116459405,"[2, 5]"
8,7.998992919921875,7,0.9998741149902344,0.0479169392110959,1.0,0.1860011644358619,0.39350976524405795,0.36268580666537553,0.1860011644358619,0.10526315789473684,0.67042898621846,0.22280152937087244,0.4157303370786517,0.3274051079867187,0.22280152937087244,/mnt/disk1/backup_user/dat.tt2/xuance/external_baselines/dreamerv3-official/paper_artifacts/synthetic_revision_v13/runs/early_protected_late_x3/seed_2/checkpoints/step_500.npz,early_protected_late_x3,0.000125885009765625,7.784902095794678,True,0.5027882893880208,0.00659096878525911,"[{'config_name': 'early_protected_late_x3', 'seed': 2, 'level': 1, 'horizon': 1, 'nrmse': 1.0050166532999534}, {'config_name': 'early_protected_late_x3', 'seed': 2, 'level': 2, 'horizon': 2, 'nrmse': 1.0032362919924973}, {'config_name': 'early_protected_late_x3', 'seed': 2, 'level': 3, 'horizon': 4, 'nrmse': 1.0052479138122685}, {'config_name': 'early_protected_late_x3', 'seed': 2, 'level': 4, 'horizon': 8, 'nrmse': 1.0059238449008043}, {'config_name': 'early_protected_late_x3', 'seed': 2, 'level': 5, 'horizon': 16, 'nrmse': 1.0056878124864392}, {'config_name': 'early_protected_late_x3', 'seed': 2, 'level': 6, 'horizon': 32, 'nrmse': 1.0046354313472872}]",-0.0014191106485550442,0.004115323675397464,0.003147069402016922,-0.001003248221747688,0.0017509345781474561,False,"[2, 5]",0.582977294921875,500,0.9996580724034014,1.0010771830519565,0.996961859376559,0.9938147899745421,0.9948180381962898,0.9930671036181423,0.0725900647414975,2,False,0.007956110445805353,"[2, 5]"
8,7.996490478515625,6,0.9995613098144531,0.022284896608286153,1.0,0.10495721933433547,0.30785893777311346,0.3080116546100141,0.10495721933433547,0.05351170568561873,0.669204478009046,0.13813675998164293,0.36211653283920114,0.27222124729943037,0.13813675998164293,/mnt/disk1/backup_user/dat.tt2/xuance/external_baselines/dreamerv3-official/paper_artifacts/synthetic_revision_v13/runs/early_protected_late_x3/seed_2/checkpoints/step_1000.npz,early_protected_late_x3,0.000438690185546875,7.29157018661499,True,0.4196217854817708,0.004460402888462167,"[{'config_name': 'early_protected_late_x3', 'seed': 2, 'level': 1, 'horizon': 1, 'nrmse': 1.0040349670059876}, {'config_name': 'early_protected_late_x3', 'seed': 2, 'level': 2, 'horizon': 2, 'nrmse': 1.0026980391149614}, {'config_name': 'early_protected_late_x3', 'seed': 2, 'level': 3, 'horizon': 4, 'nrmse': 1.0039132835037108}, {'config_name': 'early_protected_late_x3', 'seed': 2, 'level': 4, 'horizon': 8, 'nrmse': 1.0047975876484327}, {'config_name': 'early_protected_late_x3', 'seed': 2, 'level': 5, 'horizon': 16, 'nrmse': 1.0038629134265158}, {'config_name': 'early_protected_late_x3', 'seed': 2, 'level': 6, 'horizon': 32, 'nrmse': 1.0030582293511847}]",-0.000502463612160442,0.002771591405522078,0.0012421967984768134,-0.00020209888867583903,0.0011511771852995567,False,"[2, 5]",0.8108317057291666,1000,0.9995749175917512,1.0000773812039117,0.9973057897983896,0.9960635929999128,0.9962656918885886,0.995114514703289,0.023709689535442544,2,False,0.02334250911461632,"[2, 5]"
8,7.999176025390625,7,0.9998970031738281,0.04470645085875831,1.0,0.16616780590500818,0.4013633217637238,0.3556810768864997,0.16616780590500818,0.0979020979020979,0.6676774920602397,0.20363303312471376,0.45427906575885546,0.32542494439412417,0.20363303312471376,/mnt/disk1/backup_user/dat.tt2/xuance/external_baselines/dreamerv3-official/paper_artifacts/synthetic_revision_v13/runs/early_protected_late_x3/seed_3/checkpoints/step_250.npz,early_protected_late_x3,0.000102996826171875,7.614592552185059,True,0.507568359375,0.006112453051905553,"[{'config_name': 'early_protected_late_x3', 'seed': 3, 'level': 1, 'horizon': 1, 'nrmse': 1.0052713314797364}, {'config_name': 'early_protected_late_x3', 'seed': 3, 'level': 2, 'horizon': 2, 'nrmse': 1.0041874027659201}, {'config_name': 'early_protected_late_x3', 'seed': 3, 'level': 3, 'horizon': 4, 'nrmse': 1.0074720620103805}, {'config_name': 'early_protected_late_x3', 'seed': 3, 'level': 4, 'horizon': 8, 'nrmse': 1.0073122032917035}, {'config_name': 'early_protected_late_x3', 'seed': 3, 'level': 5, 'horizon': 16, 'nrmse': 1.008674316221327}, {'config_name': 'early_protected_late_x3', 'seed': 3, 'level': 6, 'horizon': 32, 'nrmse': 1.0077741941049947}]",-0.0002807469039454169,0.002641247784710199,0.001743158145177004,-0.002501802202580561,0.004510596228544328,False,"[2, 5]",0.4864451090494792,250,1.000088604010585,1.0003693509145304,0.9977281031298202,0.9959849449846432,0.9984867471872237,0.9939761509586794,0.1810305565099422,3,False,0.006674964314970696,"[2, 5]"
8,7.998779296875,7,0.999847412109375,0.027221068264611105,1.0,0.12488551945025761,0.349398763277394,0.32527817408850407,0.12488551945025761,0.05555555555555556,0.6678685569122347,0.1618437900128041,0.43274467733949495,0.29597127396657863,0.1618437900128041,/mnt/disk1/backup_user/dat.tt2/xuance/external_baselines/dreamerv3-official/paper_artifacts/synthetic_revision_v13/runs/early_protected_late_x3/seed_3/checkpoints/step_500.npz,early_protected_late_x3,0.000152587890625,7.415733337402344,True,0.4911905924479167,0.00897409201648347,"[{'config_name': 'early_protected_late_x3', 'seed': 3, 'level': 1, 'horizon': 1, 'nrmse': 1.0045375189867043}, {'config_name': 'early_protected_late_x3', 'seed': 3, 'level': 2, 'horizon': 2, 'nrmse': 1.0034823984223014}, {'config_name': 'early_protected_late_x3', 'seed': 3, 'level': 3, 'horizon': 4, 'nrmse': 1.0059600760089622}, {'config_name': 'early_protected_late_x3', 'seed': 3, 'level': 4, 'horizon': 8, 'nrmse': 1.0052839681833134}, {'config_name': 'early_protected_late_x3', 'seed': 3, 'level': 5, 'horizon': 16, 'nrmse': 1.0059729778182087}, {'config_name': 'early_protected_late_x3', 'seed': 3, 'level': 6, 'horizon': 32, 'nrmse': 1.005505949997198}]",8.386176010199975e-05,0.0034980693083660475,0.001881189830402863,-0.0003946539732515575,0.0039056250908641177,False,[5],0.5889078776041666,500,0.9996676162075016,0.9995837544473996,0.9960856851390335,0.9942044953086306,0.9945991492818822,0.9906935241910181,0.114918413488258,3,False,0.009408815027162985,[5]
8,7.979278564453125,6,0.9974098205566406,0.011408826083680523,1.0,0.0769020741810099,0.27789613210200925,0.28862182130954184,0.0769020741810099,0.01391304347826087,0.6716783788200686,0.12566250641135238,0.3700361010830325,0.2613905072408133,0.12566250641135238,/mnt/disk1/backup_user/dat.tt2/xuance/external_baselines/dreamerv3-official/paper_artifacts/synthetic_revision_v13/runs/early_protected_late_x3/seed_3/checkpoints/step_1000.npz,early_protected_late_x3,0.002590179443359375,6.357041358947754,True,0.4099192301432292,0.005504035540522367,"[{'config_name': 'early_protected_late_x3', 'seed': 3, 'level': 1, 'horizon': 1, 'nrmse': 1.0037317744886955}, {'config_name': 'early_protected_late_x3', 'seed': 3, 'level': 2, 'horizon': 2, 'nrmse': 1.0032383244692964}, {'config_name': 'early_protected_late_x3', 'seed': 3, 'level': 3, 'horizon': 4, 'nrmse': 1.0043788090592616}, {'config_name': 'early_protected_late_x3', 'seed': 3, 'level': 4, 'horizon': 8, 'nrmse': 1.0037177238882147}, {'config_name': 'early_protected_late_x3', 'seed': 3, 'level': 5, 'horizon': 16, 'nrmse': 1.003624583429682}, {'config_name': 'early_protected_late_x3', 'seed': 3, 'level': 6, 'horizon': 32, 'nrmse': 1.0036870599991152}]",9.287535286328641e-05,0.002057043257803315,0.0013902141305851545,0.0004079976252804318,0.0015559051739901797,True,[],0.7682088216145834,1000,0.9995055482749123,0.999412672922049,0.9973556296642457,0.9959654155336606,0.9955574179083801,0.99400151273439,0.06962871470224379,3,True,0.10094541280158173,[]
8,7.99932861328125,7,0.9999160766601562,0.06629763376588386,1.0,0.1808581333372467,0.3853467064531901,0.3626721213787135,0.1808581333372467,0.10902255639097745,0.6705377223471684,0.22340740740740742,0.42911153119092627,0.3310973249487774,0.22340740740740742,/mnt/disk1/backup_user/dat.tt2/xuance/external_baselines/dreamerv3-official/paper_artifacts/synthetic_revision_v13/runs/early_protected_late_x3/seed_4/checkpoints/step_250.npz,early_protected_late_x3,8.392333984375e-05,7.726157188415527,False,0.5143402099609375,-0.0005028170863863313,"[{'config_name': 'early_protected_late_x3', 'seed': 4, 'level': 1, 'horizon': 1, 'nrmse': 1.0045103898398642}, {'config_name': 'early_protected_late_x3', 'seed': 4, 'level': 2, 'horizon': 2, 'nrmse': 1.0073795401317431}, {'config_name': 'early_protected_late_x3', 'seed': 4, 'level': 3, 'horizon': 4, 'nrmse': 1.0065254580333383}, {'config_name': 'early_protected_late_x3', 'seed': 4, 'level': 4, 'horizon': 8, 'nrmse': 1.0054814719070522}, {'config_name': 'early_protected_late_x3', 'seed': 4, 'level': 5, 'horizon': 16, 'nrmse': 1.0061091537637485}, {'config_name': 'early_protected_late_x3', 'seed': 4, 'level': 6, 'horizon': 32, 'nrmse': 1.0084532180930075}]",-0.00025538512823497506,-0.0005902135887476678,0.00469484466881076,0.0013363093111307123,-0.005688372349345161,False,"[2, 3, 6]",0.47705078125,250,1.0010303477170206,1.0012857328452556,1.0018759464340032,0.9971811017651925,0.9958447924540618,1.001533164803407,0.43666474550141815,4,False,0.005576403605532558,"[2, 3, 6]"
8,7.99871826171875,7,0.9998397827148438,0.03451844716839203,1.0,0.14228111358570164,0.3573740692238326,0.3352909487127256,0.14228111358570164,0.05267489711934156,0.6683050708609815,0.19767755873615986,0.40655172413793106,0.3045773619181148,0.19767755873615986,/mnt/disk1/backup_user/dat.tt2/xuance/external_baselines/dreamerv3-official/paper_artifacts/synthetic_revision_v13/runs/early_protected_late_x3/seed_4/checkpoints/step_500.npz,early_protected_late_x3,0.00016021728515625,7.772059440612793,True,0.4975362141927083,0.004398191424698328,"[{'config_name': 'early_protected_late_x3', 'seed': 4, 'level': 1, 'horizon': 1, 'nrmse': 1.0038906611532512}, {'config_name': 'early_protected_late_x3', 'seed': 4, 'level': 2, 'horizon': 2, 'nrmse': 1.0060898010498787}, {'config_name': 'early_protected_late_x3', 'seed': 4, 'level': 3, 'horizon': 4, 'nrmse': 1.0050420150756638}, {'config_name': 'early_protected_late_x3', 'seed': 4, 'level': 4, 'horizon': 8, 'nrmse': 1.0042200107632622}, {'config_name': 'early_protected_late_x3', 'seed': 4, 'level': 5, 'horizon': 16, 'nrmse': 1.0041100802789977}, {'config_name': 'early_protected_late_x3', 'seed': 4, 'level': 6, 'horizon': 32, 'nrmse': 1.0063166431343697}]",0.00037963131864948707,0.001275246638601235,0.0041156771496232425,0.0020165704589343303,-0.003388934141109967,False,[6],0.596466064453125,500,1.0005525389321188,1.0001729076134693,0.9988976609748681,0.9947819838252449,0.9927654133663105,0.9961543475074205,0.39544771975714005,4,False,0.009816681409145791,[6]
8,7.99615478515625,7,0.9995193481445312,0.012924717355275221,1.0,0.08204062295347801,0.29156428981545884,0.293714050615538,0.08204062295347801,0.026332288401253918,0.6675136785589869,0.1339622641509434,0.35858481608388726,0.264071062269203,0.1339622641509434,/mnt/disk1/backup_user/dat.tt2/xuance/external_baselines/dreamerv3-official/paper_artifacts/synthetic_revision_v13/runs/early_protected_late_x3/seed_4/checkpoints/step_1000.npz,early_protected_late_x3,0.00048065185546875,7.769999980926514,True,0.42022806803385415,0.004268378015225394,"[{'config_name': 'early_protected_late_x3', 'seed': 4, 'level': 1, 'horizon': 1, 'nrmse': 1.0034560645924695}, {'config_name': 'early_protected_late_x3', 'seed': 4, 'level': 2, 'horizon': 2, 'nrmse': 1.0044813165847815}, {'config_name': 'early_protected_late_x3', 'seed': 4, 'level': 3, 'horizon': 4, 'nrmse': 1.0035119135201667}, {'config_name': 'early_protected_late_x3', 'seed': 4, 'level': 4, 'horizon': 8, 'nrmse': 1.0033692866700037}, {'config_name': 'early_protected_late_x3', 'seed': 4, 'level': 5, 'horizon': 16, 'nrmse': 1.002827057207426}, {'config_name': 'early_protected_late_x3', 'seed': 4, 'level': 6, 'horizon': 32, 'nrmse': 1.0044018732525035}]",0.0005185466894401802,0.001772143031703255,0.001276041955609597,0.0013189007055036672,-0.0006172543670313058,False,[6],0.7972615559895834,1000,0.9999733714129315,0.9994548247234913,0.9976826816917881,0.9964066397361785,0.9950877390306748,0.9957049933977061,0.3431832473466765,4,False,0.025220746947940378,[6]
8,7.999114990234375,7,0.9998893737792969,0.06985246275975941,1.0,0.250107335453496,0.4819315794465718,0.41039974262266465,0.250107335453496,0.1281138790035587,0.6656816875974718,0.28640386162510056,0.47711487856434154,0.36874363368311464,0.28640386162510056,/mnt/disk1/backup_user/dat.tt2/xuance/external_baselines/dreamerv3-official/paper_artifacts/synthetic_revision_v13/runs/coarse_protected_total_matched/seed_0/checkpoints/step_250.npz,coarse_protected_total_matched,0.000110626220703125,7.785793781280518,True,0.5119730631510416,0.006224592750081914,"[{'config_name': 'coarse_protected_total_matched', 'seed': 0, 'level': 1, 'horizon': 1, 'nrmse': 1.0048225959499175}, {'config_name': 'coarse_protected_total_matched', 'seed': 0, 'level': 2, 'horizon': 2, 'nrmse': 1.0059989581738147}, {'config_name': 'coarse_protected_total_matched', 'seed': 0, 'level': 3, 'horizon': 4, 'nrmse': 1.0046367568756345}, {'config_name': 'coarse_protected_total_matched', 'seed': 0, 'level': 4, 'horizon': 8, 'nrmse': 1.0058859347900733}, {'config_name': 'coarse_protected_total_matched', 'seed': 0, 'level': 5, 'horizon': 16, 'nrmse': 1.007316533350971}, {'config_name': 'coarse_protected_total_matched', 'seed': 0, 'level': 6, 'horizon': 32, 'nrmse': 1.0068561331716963}]",0.0033324666335173836,-0.00020801958196015047,0.0005688283980789244,0.0005377226661968937,0.001993594634248863,False,[3],0.4952138264973958,250,1.0003896756825212,0.9970572090490039,0.997265228630964,0.9966964002328851,0.9961586775666882,0.9941650829324393,0.4021519972581842,0,False,0.007106138692836641,[3]
8,7.998779296875,7,0.999847412109375,0.0480165901772247,1.0,0.1840888601022322,0.4206920152391566,0.36737726512416913,0.1840888601022322,0.09407665505226481,0.6655447698401297,0.2200594755339281,0.4455302057885802,0.3290541163497661,0.2200594755339281,/mnt/disk1/backup_user/dat.tt2/xuance/external_baselines/dreamerv3-official/paper_artifacts/synthetic_revision_v13/runs/coarse_protected_total_matched/seed_0/checkpoints/step_500.npz,coarse_protected_total_matched,0.000152587890625,7.754179954528809,True,0.4988555908203125,0.010166448949103901,"[{'config_name': 'coarse_protected_total_matched', 'seed': 0, 'level': 1, 'horizon': 1, 'nrmse': 1.004078974547116}, {'config_name': 'coarse_protected_total_matched', 'seed': 0, 'level': 2, 'horizon': 2, 'nrmse': 1.0045286821310562}, {'config_name': 'coarse_protected_total_matched', 'seed': 0, 'level': 3, 'horizon': 4, 'nrmse': 1.0033042474124323}, {'config_name': 'coarse_protected_total_matched', 'seed': 0, 'level': 4, 'horizon': 8, 'nrmse': 1.0043407222114176}, {'config_name': 'coarse_protected_total_matched', 'seed': 0, 'level': 5, 'horizon': 16, 'nrmse': 1.00516873558566}, {'config_name': 'coarse_protected_total_matched', 'seed': 0, 'level': 6, 'horizon': 32, 'nrmse': 1.0043372758377147}]",0.004025541222011042,0.0013374581023649634,0.0009234514152438589,0.00040296061756084356,0.0034770375919231933,True,[],0.604034423828125,500,1.0002503184689482,0.9962247772469371,0.9948873191445722,0.9939638677293283,0.9935609071117675,0.9900838695198443,0.39716040927340013,0,True,0.009408815027162985,[]
8,7.996612548828125,7,0.9995765686035156,0.025619620116101492,1.0,0.09488889818155677,0.3212773545069756,0.3073349541972381,0.09488889818155677,0.056872037914691934,0.6697489822221312,0.14657247108143776,0.4020571898786258,0.2843646304356649,0.14657247108143776,/mnt/disk1/backup_user/dat.tt2/xuance/external_baselines/dreamerv3-official/paper_artifacts/synthetic_revision_v13/runs/coarse_protected_total_matched/seed_0/checkpoints/step_1000.npz,coarse_protected_total_matched,0.000423431396484375,7.136932849884033,True,0.43484700520833336,0.007597751749266024,"[{'config_name': 'coarse_protected_total_matched', 'seed': 0, 'level': 1, 'horizon': 1, 'nrmse': 1.0030475367558502}, {'config_name': 'coarse_protected_total_matched', 'seed': 0, 'level': 2, 'horizon': 2, 'nrmse': 1.0032147300647154}, {'config_name': 'coarse_protected_total_matched', 'seed': 0, 'level': 3, 'horizon': 4, 'nrmse': 1.002643250609942}, {'config_name': 'coarse_protected_total_matched', 'seed': 0, 'level': 4, 'horizon': 8, 'nrmse': 1.00332616281444}, {'config_name': 'coarse_protected_total_matched', 'seed': 0, 'level': 5, 'horizon': 16, 'nrmse': 1.003348078216448}, {'config_name': 'coarse_protected_total_matched', 'seed': 0, 'level': 6, 'horizon': 32, 'nrmse': 1.0024163201568947}]",0.0027320022922179277,0.0015482171095760888,0.0007034137096020299,0.00042125290875283383,0.002192865729117144,True,[],0.7663930257161459,1000,1.000225575273133,0.9974935729809151,0.995945355871339,0.995241942161737,0.9948206892529842,0.992627823523867,0.37091360103630694,0,True,0.02264841710640045,[]
8,7.9991455078125,7,0.9998931884765625,0.031302591372532114,1.0,0.14894481990910896,0.41983001790213736,0.3498044498185775,0.14894481990910896,0.06986899563318777,0.6707007931965001,0.2198526560682435,0.43352506162695154,0.32276003251862523,0.2198526560682435,/mnt/disk1/backup_user/dat.tt2/xuance/external_baselines/dreamerv3-official/paper_artifacts/synthetic_revision_v13/runs/coarse_protected_total_matched/seed_1/checkpoints/step_250.npz,coarse_protected_total_matched,0.0001068115234375,7.630432605743408,True,0.5035725911458333,0.005299373963708609,"[{'config_name': 'coarse_protected_total_matched', 'seed': 1, 'level': 1, 'horizon': 1, 'nrmse': 1.005067288482818}, {'config_name': 'coarse_protected_total_matched', 'seed': 1, 'level': 2, 'horizon': 2, 'nrmse': 1.0053420263249224}, {'config_name': 'coarse_protected_total_matched', 'seed': 1, 'level': 3, 'horizon': 4, 'nrmse': 1.0063021506911065}, {'config_name': 'coarse_protected_total_matched', 'seed': 1, 'level': 4, 'horizon': 8, 'nrmse': 1.0066813401669736}, {'config_name': 'coarse_protected_total_matched', 'seed': 1, 'level': 5, 'horizon': 16, 'nrmse': 1.0056214477005208}, {'config_name': 'coarse_protected_total_matched', 'seed': 1, 'level': 6, 'horizon': 32, 'nrmse': 1.0064244527732786}]",0.0006974930163176074,0.0035165383366709824,-0.0023943460378976766,0.0043318266387799564,-0.0008521379901622606,False,"[4, 6]",0.4790547688802083,250,1.0002710850797216,0.999573592063404,0.996057053726733,0.9984513997646307,0.9941195731258508,0.994971711116013,0.3111960152821562,1,False,0.006891097042624155,"[4, 6]"
8,7.998931884765625,7,0.9998664855957031,0.026830613384615398,1.0,0.13316348434669528,0.40441283959216867,0.33951408433403496,0.13316348434669528,0.06836248012718601,0.6732503570699856,0.19642037631941256,0.42350822624212164,0.31159236321562367,0.19642037631941256,/mnt/disk1/backup_user/dat.tt2/xuance/external_baselines/dreamerv3-official/paper_artifacts/synthetic_revision_v13/runs/coarse_protected_total_matched/seed_1/checkpoints/step_500.npz,coarse_protected_total_matched,0.000133514404296875,7.4958672523498535,True,0.4882283528645833,0.008135297678349973,"[{'config_name': 'coarse_protected_total_matched', 'seed': 1, 'level': 1, 'horizon': 1, 'nrmse': 1.0043187184408533}, {'config_name': 'coarse_protected_total_matched', 'seed': 1, 'level': 2, 'horizon': 2, 'nrmse': 1.0042428098508347}, {'config_name': 'coarse_protected_total_matched', 'seed': 1, 'level': 3, 'horizon': 4, 'nrmse': 1.0052547181911176}, {'config_name': 'coarse_protected_total_matched', 'seed': 1, 'level': 4, 'horizon': 8, 'nrmse': 1.0051825210804712}, {'config_name': 'coarse_protected_total_matched', 'seed': 1, 'level': 5, 'horizon': 16, 'nrmse': 1.0040945274130568}, {'config_name': 'coarse_protected_total_matched', 'seed': 1, 'level': 6, 'horizon': 32, 'nrmse': 1.004742357300631}]",0.0018768597711351642,0.0030207907348032137,-0.0011570095100273958,0.004480462550783715,-8.580586834472381e-05,False,"[4, 6]",0.5791117350260416,500,0.9994817771332185,0.9976049173620833,0.9945841266272801,0.9957411361373075,0.9912606735865238,0.9913464794548685,0.23259871960497353,1,False,0.008375419116459405,"[4, 6]"
8,7.989044189453125,6,0.9986305236816406,0.027141277994186863,1.0,0.12183167436017227,0.3959490831810474,0.3333507419791157,0.12183167436017227,0.06256983240223464,0.6731691391025771,0.18249316139116842,0.4132454668249355,0.3027941522224168,0.18249316139116842,/mnt/disk1/backup_user/dat.tt2/xuance/external_baselines/dreamerv3-official/paper_artifacts/synthetic_revision_v13/runs/coarse_protected_total_matched/seed_1/checkpoints/step_1000.npz,coarse_protected_total_matched,0.001369476318359375,6.949917793273926,True,0.411688232421875,0.00550447738330484,"[{'config_name': 'coarse_protected_total_matched', 'seed': 1, 'level': 1, 'horizon': 1, 'nrmse': 1.0036745116640948}, {'config_name': 'coarse_protected_total_matched', 'seed': 1, 'level': 2, 'horizon': 2, 'nrmse': 1.0030670662068328}, {'config_name': 'coarse_protected_total_matched', 'seed': 1, 'level': 3, 'horizon': 4, 'nrmse': 1.0037757820298239}, {'config_name': 'coarse_protected_total_matched', 'seed': 1, 'level': 4, 'horizon': 8, 'nrmse': 1.0040281626271383}, {'config_name': 'coarse_protected_total_matched', 'seed': 1, 'level': 5, 'horizon': 16, 'nrmse': 1.0025614213266392}, {'config_name': 'coarse_protected_total_matched', 'seed': 1, 'level': 6, 'horizon': 32, 'nrmse': 1.003360007971573}]",0.0019198952581422901,0.0014675366175075366,-0.0007344310729273662,0.0026808368980143493,0.00017063968256803008,False,[4],0.7152252197265625,1000,0.9993030075434541,0.9973831122853118,0.9959155756678043,0.9966500067407317,0.9939691698427173,0.9937985301601493,0.3107026248413834,1,False,0.06042129254114508,[4]
8,7.999420166015625,7,0.9999275207519531,0.080991180328824,1.0,0.22261345572607721,0.4249578269065949,0.39023518373751465,0.22261345572607721,0.12685337726523888,0.6711626100995238,0.26666666666666666,0.4347,0.3532098641396192,0.26666666666666666,/mnt/disk1/backup_user/dat.tt2/xuance/external_baselines/dreamerv3-official/paper_artifacts/synthetic_revision_v13/runs/coarse_protected_total_matched/seed_2/checkpoints/step_250.npz,coarse_protected_total_matched,7.2479248046875e-05,7.832015514373779,True,0.5204366048177084,0.003452117658995002,"[{'config_name': 'coarse_protected_total_matched', 'seed': 2, 'level': 1, 'horizon': 1, 'nrmse': 1.0057356198754963}, {'config_name': 'coarse_protected_total_matched', 'seed': 2, 'level': 2, 'horizon': 2, 'nrmse': 1.004195621041673}, {'config_name': 'coarse_protected_total_matched', 'seed': 2, 'level': 3, 'horizon': 4, 'nrmse': 1.0063186756111688}, {'config_name': 'coarse_protected_total_matched', 'seed': 2, 'level': 4, 'horizon': 8, 'nrmse': 1.006891038751507}, {'config_name': 'coarse_protected_total_matched', 'seed': 2, 'level': 5, 'horizon': 16, 'nrmse': 1.0079206208030864}, {'config_name': 'coarse_protected_total_matched', 'seed': 2, 'level': 6, 'horizon': 32, 'nrmse': 1.0063623296780713}]",-0.00020201052011947773,0.0009162051936122406,0.003888658328019323,-0.001480615163866883,0.0003298798213497989,False,"[2, 5]",0.4687856038411458,250,1.0001334068687215,1.000335417388841,0.9994192121952288,0.9955305538672095,0.9970111690310763,0.9966812892097265,0.11917961651548414,2,False,0.004901014435132763,"[2, 5]"
8,7.999114990234375,7,0.9998893737792969,0.05508229951614124,1.0,0.18605558250431511,0.3905791799699817,0.3635545288989507,0.18605558250431511,0.10032362459546924,0.6707007931965001,0.22883295194508013,0.4108790675084993,0.32791387783812576,0.22883295194508013,/mnt/disk1/backup_user/dat.tt2/xuance/external_baselines/dreamerv3-official/paper_artifacts/synthetic_revision_v13/runs/coarse_protected_total_matched/seed_2/checkpoints/step_500.npz,coarse_protected_total_matched,0.000110626220703125,7.787360191345215,True,0.5037099202473958,0.007638666390917481,"[{'config_name': 'coarse_protected_total_matched', 'seed': 2, 'level': 1, 'horizon': 1, 'nrmse': 1.004911317980626}, {'config_name': 'coarse_protected_total_matched', 'seed': 2, 'level': 2, 'horizon': 2, 'nrmse': 1.0033737934663842}, {'config_name': 'coarse_protected_total_matched', 'seed': 2, 'level': 3, 'horizon': 4, 'nrmse': 1.005314632072413}, {'config_name': 'coarse_protected_total_matched', 'seed': 2, 'level': 4, 'horizon': 8, 'nrmse': 1.0061560774672407}, {'config_name': 'coarse_protected_total_matched', 'seed': 2, 'level': 5, 'horizon': 16, 'nrmse': 1.0056673993498917}, {'config_name': 'coarse_protected_total_matched', 'seed': 2, 'level': 6, 'horizon': 32, 'nrmse': 1.0046380824039816}]",0.0010305541057007428,0.0021392260153322296,0.0035718570530289817,-0.001040009541244391,0.0019370387580999182,False,[5],0.5804290771484375,500,0.9995788941767929,0.9985483400710922,0.9964091140557599,0.992837257002731,0.9938772665439753,0.9919402277858754,0.0634338117145245,2,False,0.007106138692836641,[5]
8,7.997161865234375,6,0.9996452331542969,0.028512669735260687,1.0,0.11244742087802448,0.3144231879335501,0.31356613988497195,0.11244742087802448,0.0644468313641246,0.6693951051813047,0.1522162162162162,0.37131565947637085,0.2819180056908465,0.1522162162162162,/mnt/disk1/backup_user/dat.tt2/xuance/external_baselines/dreamerv3-official/paper_artifacts/synthetic_revision_v13/runs/coarse_protected_total_matched/seed_2/checkpoints/step_1000.npz,coarse_protected_total_matched,0.000354766845703125,7.376147270202637,True,0.4296498616536458,0.005347092984209212,"[{'config_name': 'coarse_protected_total_matched', 'seed': 2, 'level': 1, 'horizon': 1, 'nrmse': 1.0039318409005722}, {'config_name': 'coarse_protected_total_matched', 'seed': 2, 'level': 2, 'horizon': 2, 'nrmse': 1.0027498230890601}, {'config_name': 'coarse_protected_total_matched', 'seed': 2, 'level': 3, 'horizon': 4, 'nrmse': 1.0039250365217232}, {'config_name': 'coarse_protected_total_matched', 'seed': 2, 'level': 4, 'horizon': 8, 'nrmse': 1.0049503768825914}, {'config_name': 'coarse_protected_total_matched', 'seed': 2, 'level': 5, 'horizon': 16, 'nrmse': 1.0038311891147385}, {'config_name': 'coarse_protected_total_matched', 'seed': 2, 'level': 6, 'horizon': 32, 'nrmse': 1.0030380813203066}]",0.0012554520819491044,0.001546891581229004,0.0016394134598661791,-0.00035055806356665276,0.001255893924731577,False,[5],0.7911580403645834,1000,0.9994846932955824,0.9982292412136333,0.9966823496324043,0.9950429361725381,0.9953934942361048,0.9941376003113732,0.04106573933620877,2,False,0.019467915028841667,[5]
8,7.998809814453125,7,0.9998512268066406,0.04414252199778934,1.0,0.16622243534715622,0.40230071410253043,0.35577762135892643,0.16622243534715622,0.0912280701754386,0.667895847417696,0.20290297937356763,0.4540913006029285,0.3238042353886397,0.20290297937356763,/mnt/disk1/backup_user/dat.tt2/xuance/external_baselines/dreamerv3-official/paper_artifacts/synthetic_revision_v13/runs/coarse_protected_total_matched/seed_3/checkpoints/step_250.npz,coarse_protected_total_matched,0.000148773193359375,7.609786033630371,True,0.5076609293619792,0.007241096255301893,"[{'config_name': 'coarse_protected_total_matched', 'seed': 3, 'level': 1, 'horizon': 1, 'nrmse': 1.0053239991394}, {'config_name': 'coarse_protected_total_matched', 'seed': 3, 'level': 2, 'horizon': 2, 'nrmse': 1.0042588929281147}, {'config_name': 'coarse_protected_total_matched', 'seed': 3, 'level': 3, 'horizon': 4, 'nrmse': 1.0074371564305697}, {'config_name': 'coarse_protected_total_matched', 'seed': 3, 'level': 4, 'horizon': 8, 'nrmse': 1.0072216255213087}, {'config_name': 'coarse_protected_total_matched', 'seed': 3, 'level': 5, 'horizon': 16, 'nrmse': 1.0085016440619599}, {'config_name': 'coarse_protected_total_matched', 'seed': 3, 'level': 6, 'horizon': 32, 'nrmse': 1.0076280325125724}]",0.0017022435035254357,0.000988932515597396,0.0021120968684920083,-0.002376495589488159,0.004814318957175212,False,[5],0.4854685465494792,250,1.0001749400902684,0.998472696586743,0.9974837640711456,0.9953716672026536,0.9977481627921417,0.9929338438349665,0.17762248027866967,3,False,0.009203745216025403,[5]
8,7.998809814453125,7,0.9998512268066406,0.028256148033964312,1.0,0.1272253949372125,0.3532785774823889,0.32719710307815564,0.1272253949372125,0.0711743772241993,0.668932058709136,0.1649636833682137,0.43493368363066237,0.30099349726008506,0.1649636833682137,/mnt/disk1/backup_user/dat.tt2/xuance/external_baselines/dreamerv3-official/paper_artifacts/synthetic_revision_v13/runs/coarse_protected_total_matched/seed_3/checkpoints/step_500.npz,coarse_protected_total_matched,0.000148773193359375,7.422471046447754,True,0.49238179524739584,0.010466106724136615,"[{'config_name': 'coarse_protected_total_matched', 'seed': 3, 'level': 1, 'horizon': 1, 'nrmse': 1.004593279545845}, {'config_name': 'coarse_protected_total_matched', 'seed': 3, 'level': 2, 'horizon': 2, 'nrmse': 1.003566525288073}, {'config_name': 'coarse_protected_total_matched', 'seed': 3, 'level': 3, 'horizon': 4, 'nrmse': 1.00593073764821}, {'config_name': 'coarse_protected_total_matched', 'seed': 3, 'level': 4, 'horizon': 8, 'nrmse': 1.0052142453922486}, {'config_name': 'coarse_protected_total_matched', 'seed': 3, 'level': 5, 'horizon': 16, 'nrmse': 1.0057911153289674}, {'config_name': 'coarse_protected_total_matched', 'seed': 3, 'level': 6, 'horizon': 32, 'nrmse': 1.005315604126534}]",0.00260978857860239,0.0015166695349118076,0.0023487478627526315,-0.0003019553575012157,0.004292856105371001,False,[5],0.5832366943359375,500,0.9997566917124361,0.9971469031338337,0.9956302335989219,0.9932814857361693,0.9935834410936705,0.9892905849882995,0.11841175883490883,3,False,0.009203745216025403,[5]
8,7.983734130859375,6,0.9979667663574219,0.012607623133869096,1.0,0.0818759320172021,0.28880473048973765,0.2930328435316022,0.0818759320172021,0.016339869281045753,0.6716783788200686,0.14337145277424818,0.37405644896619633,0.26976352052316144,0.14337145277424818,/mnt/disk1/backup_user/dat.tt2/xuance/external_baselines/dreamerv3-official/paper_artifacts/synthetic_revision_v13/runs/coarse_protected_total_matched/seed_3/checkpoints/step_1000.npz,coarse_protected_total_matched,0.002033233642578125,6.491987705230713,True,0.41561279296875,0.0069501869673610495,"[{'config_name': 'coarse_protected_total_matched', 'seed': 3, 'level': 1, 'horizon': 1, 'nrmse': 1.0037698613365396}, {'config_name': 'coarse_protected_total_matched', 'seed': 3, 'level': 2, 'horizon': 2, 'nrmse': 1.0032211809693388}, {'config_name': 'coarse_protected_total_matched', 'seed': 3, 'level': 3, 'horizon': 4, 'nrmse': 1.0042831942811472}, {'config_name': 'coarse_protected_total_matched', 'seed': 3, 'level': 4, 'horizon': 8, 'nrmse': 1.0036362480791376}, {'config_name': 'coarse_protected_total_matched', 'seed': 3, 'level': 5, 'horizon': 16, 'nrmse': 1.0035035185073007}, {'config_name': 'coarse_protected_total_matched', 'seed': 3, 'level': 6, 'horizon': 32, 'nrmse': 1.0034381257755036}]",0.0020679125902506312,0.0008397663922548038,0.0017810682559079583,0.00038033826710137664,0.0018811014618462796,True,[],0.7378438313802084,1000,0.9995159757645773,0.9974480631743267,0.9966082967820719,0.9948272285261639,0.9944468902590625,0.9925657887972162,0.08391447346969637,3,True,0.08322365472866469,[]
8,7.998931884765625,7,0.9998664855957031,0.0641482961536061,1.0,0.18114616226271688,0.38622995216415357,0.36253411456863865,0.18114616226271688,0.10881801125703565,0.67042898621846,0.23180592991913748,0.42456279459054663,0.33348433038086345,0.23180592991913748,/mnt/disk1/backup_user/dat.tt2/xuance/external_baselines/dreamerv3-official/paper_artifacts/synthetic_revision_v13/runs/coarse_protected_total_matched/seed_4/checkpoints/step_250.npz,coarse_protected_total_matched,0.000133514404296875,7.72236967086792,True,0.5143096923828125,0.0003512650120185423,"[{'config_name': 'coarse_protected_total_matched', 'seed': 4, 'level': 1, 'horizon': 1, 'nrmse': 1.004567299190239}, {'config_name': 'coarse_protected_total_matched', 'seed': 4, 'level': 2, 'horizon': 2, 'nrmse': 1.0073988928456128}, {'config_name': 'coarse_protected_total_matched', 'seed': 4, 'level': 3, 'horizon': 4, 'nrmse': 1.0064304618351194}, {'config_name': 'coarse_protected_total_matched', 'seed': 4, 'level': 4, 'horizon': 8, 'nrmse': 1.0057246621744924}, {'config_name': 'coarse_protected_total_matched', 'seed': 4, 'level': 5, 'horizon': 16, 'nrmse': 1.0060989030111964}, {'config_name': 'coarse_protected_total_matched', 'seed': 4, 'level': 6, 'horizon': 32, 'nrmse': 1.0083407249206051}]",0.00170754561691433,-0.00205209461864031,0.00459339756596866,0.0016553198000331948,-0.005552903352257332,False,"[3, 6]",0.4776814778645833,250,1.0009432163203287,0.9992356707034143,1.0012877653220547,0.996694367756086,0.9950390479560528,1.0005919513083101,0.4433789652456161,4,False,0.008375419116459405,"[3, 6]"
8,7.99884033203125,7,0.9998550415039062,0.03539245400237136,1.0,0.14672130290970645,0.36198980773079353,0.33816497351051555,0.14672130290970645,0.06436233611442194,0.6690137962091128,0.20232621044089802,0.4096417632174724,0.3095340632845606,0.20232621044089802,/mnt/disk1/backup_user/dat.tt2/xuance/external_baselines/dreamerv3-official/paper_artifacts/synthetic_revision_v13/runs/coarse_protected_total_matched/seed_4/checkpoints/step_500.npz,coarse_protected_total_matched,0.00014495849609375,7.757745742797852,True,0.498480224609375,0.005568456218198237,"[{'config_name': 'coarse_protected_total_matched', 'seed': 4, 'level': 1, 'horizon': 1, 'nrmse': 1.0039113393954682}, {'config_name': 'coarse_protected_total_matched', 'seed': 4, 'level': 2, 'horizon': 2, 'nrmse': 1.0061076514982883}, {'config_name': 'coarse_protected_total_matched', 'seed': 4, 'level': 3, 'horizon': 4, 'nrmse': 1.0049333217511902}, {'config_name': 'coarse_protected_total_matched', 'seed': 4, 'level': 4, 'horizon': 8, 'nrmse': 1.0044979298734}, {'config_name': 'coarse_protected_total_matched', 'seed': 4, 'level': 5, 'horizon': 16, 'nrmse': 1.0040966482584124}, {'config_name': 'coarse_protected_total_matched', 'seed': 4, 'level': 6, 'horizon': 32, 'nrmse': 1.0061916016269468}]",0.002917576260831445,-0.0005631728104639189,0.00404233124774267,0.002378969909069717,-0.003207248388981676,False,"[3, 6]",0.5934651692708334,500,1.0004662028524354,0.9975486265916039,0.9981117994020678,0.9940694681543252,0.9916904982452555,0.9948977466342371,0.411340324548179,4,False,0.008997891884685525,"[3, 6]"
8,7.996612548828125,7,0.9995765686035156,0.015413384761411119,1.0,0.09361917575907279,0.30716782954812816,0.30196391316553695,0.09361917575907279,0.03012286959968291,0.6659554388412458,0.14762264150943397,0.37333443681205,0.2729316056543693,0.14762264150943397,/mnt/disk1/backup_user/dat.tt2/xuance/external_baselines/dreamerv3-official/paper_artifacts/synthetic_revision_v13/runs/coarse_protected_total_matched/seed_4/checkpoints/step_1000.npz,coarse_protected_total_matched,0.000423431396484375,7.719595909118652,True,0.4276397705078125,0.005361938901698338,"[{'config_name': 'coarse_protected_total_matched', 'seed': 4, 'level': 1, 'horizon': 1, 'nrmse': 1.003385281378727}, {'config_name': 'coarse_protected_total_matched', 'seed': 4, 'level': 2, 'horizon': 2, 'nrmse': 1.0044913906002204}, {'config_name': 'coarse_protected_total_matched', 'seed': 4, 'level': 3, 'horizon': 4, 'nrmse': 1.003425754177596}, {'config_name': 'coarse_protected_total_matched', 'seed': 4, 'level': 4, 'horizon': 8, 'nrmse': 1.0035036068758572}, {'config_name': 'coarse_protected_total_matched', 'seed': 4, 'level': 5, 'horizon': 16, 'nrmse': 1.0027730640194152}, {'config_name': 'coarse_protected_total_matched', 'seed': 4, 'level': 6, 'horizon': 32, 'nrmse': 1.0043031655749124}]",0.0023606776178777267,0.0006207891092907536,0.0014024089913797777,0.001483089483448441,-0.0005050263002983613,False,[6],0.7770945231119791,1000,0.9999265360779958,0.997565858460118,0.9969450693508273,0.9955426603594475,0.994059570875999,0.9945645971762974,0.36869032958869724,4,False,0.02264841710640045,[6]
8,7.99920654296875,7,0.9999008178710938,0.06710649256189222,1.0,0.2481464759470469,0.47988236909170695,0.40865636270953865,0.2481464759470469,0.12099644128113879,0.6647226728545906,0.2824497257769653,0.4774139378673384,0.3656065007113997,0.2824497257769653,/mnt/disk1/backup_user/dat.tt2/xuance/external_baselines/dreamerv3-official/paper_artifacts/synthetic_revision_v13/runs/coarse_protected_fine_x2/seed_0/checkpoints/step_250.npz,coarse_protected_fine_x2,9.918212890625e-05,7.782451152801514,True,0.5117218017578125,0.002575589947243495,"[{'config_name': 'coarse_protected_fine_x2', 'seed': 0, 'level': 1, 'horizon': 1, 'nrmse': 1.0048343489679297}, {'config_name': 'coarse_protected_fine_x2', 'seed': 0, 'level': 2, 'horizon': 2, 'nrmse': 1.0062583198870911}, {'config_name': 'coarse_protected_fine_x2', 'seed': 0, 'level': 3, 'horizon': 4, 'nrmse': 1.0050533262508936}, {'config_name': 'coarse_protected_fine_x2', 'seed': 0, 'level': 4, 'horizon': 8, 'nrmse': 1.0060396077097966}, {'config_name': 'coarse_protected_fine_x2', 'seed': 0, 'level': 5, 'horizon': 16, 'nrmse': 1.007118057573111}, {'config_name': 'coarse_protected_fine_x2', 'seed': 0, 'level': 6, 'horizon': 32, 'nrmse': 1.0069358416096437}]",0.002057131626359787,-0.001242108429920341,0.0003604553418927736,0.00011355359508025131,0.001286557813831024,False,[3],0.4969533284505208,250,1.0001901394819834,0.9981330078556236,0.999375116285544,0.9990146609436512,0.998901107348571,0.9976145495347399,0.3857581174113808,0,False,0.006457700116004689,[3]
8,7.9990234375,7,0.9998779296875,0.04291848451648664,1.0,0.17658174784229294,0.41173265134344417,0.36156292630890335,0.17658174784229294,0.07931034482758621,0.665572155639468,0.22139973082099598,0.43863862206028487,0.32526411683386625,0.22139973082099598,/mnt/disk1/backup_user/dat.tt2/xuance/external_baselines/dreamerv3-official/paper_artifacts/synthetic_revision_v13/runs/coarse_protected_fine_x2/seed_0/checkpoints/step_500.npz,coarse_protected_fine_x2,0.0001220703125,7.752840518951416,True,0.49694722493489585,0.005342232713602568,"[{'config_name': 'coarse_protected_fine_x2', 'seed': 0, 'level': 1, 'horizon': 1, 'nrmse': 1.004098769103768}, {'config_name': 'coarse_protected_fine_x2', 'seed': 0, 'level': 2, 'horizon': 2, 'nrmse': 1.0048624501688912}, {'config_name': 'coarse_protected_fine_x2', 'seed': 0, 'level': 3, 'horizon': 4, 'nrmse': 1.0037819678287776}, {'config_name': 'coarse_protected_fine_x2', 'seed': 0, 'level': 4, 'horizon': 8, 'nrmse': 1.0045255008630227}, {'config_name': 'coarse_protected_fine_x2', 'seed': 0, 'level': 5, 'horizon': 16, 'nrmse': 1.004933675225416}, {'config_name': 'coarse_protected_fine_x2', 'seed': 0, 'level': 6, 'horizon': 32, 'nrmse': 1.0044586058657654}]",0.0022556957727762894,9.464272399295481e-05,0.0005628193362380296,-0.00010144710284210046,0.002530521983437395,False,[5],0.6212514241536459,500,0.9999944914979308,0.9977387957251546,0.9976441530011616,0.9970813336649236,0.9971827807677657,0.9946522587843283,0.3646325067196771,0,False,0.007745080942752447,[5]
8,7.993896484375,7,0.999237060546875,0.026027915945606044,1.0,0.08086699334147755,0.2925053585314493,0.2960534522320021,0.08086699334147755,0.03239740820734341,0.6680049982588032,0.12348717948717951,0.37160183160760696,0.26379571940962254,0.12348717948717951,/mnt/disk1/backup_user/dat.tt2/xuance/external_baselines/dreamerv3-official/paper_artifacts/synthetic_revision_v13/runs/coarse_protected_fine_x2/seed_0/checkpoints/step_1000.npz,coarse_protected_fine_x2,0.000762939453125,6.853692054748535,True,0.41063232421875,0.0035546251845149923,"[{'config_name': 'coarse_protected_fine_x2', 'seed': 0, 'level': 1, 'horizon': 1, 'nrmse': 1.0030965813046981}, {'config_name': 'coarse_protected_fine_x2', 'seed': 0, 'level': 2, 'horizon': 2, 'nrmse': 1.0036083236152893}, {'config_name': 'coarse_protected_fine_x2', 'seed': 0, 'level': 3, 'horizon': 4, 'nrmse': 1.0031266266139023}, {'config_name': 'coarse_protected_fine_x2', 'seed': 0, 'level': 4, 'horizon': 8, 'nrmse': 1.0035875570045159}, {'config_name': 'coarse_protected_fine_x2', 'seed': 0, 'level': 5, 'horizon': 16, 'nrmse': 1.0032924060258637}, {'config_name': 'coarse_protected_fine_x2', 'seed': 0, 'level': 6, 'horizon': 32, 'nrmse': 1.0026307906434782}]",0.0010316145283786327,0.0007433562971320695,0.0002605105045109246,0.00024805053804677346,0.001271093316446592,True,[],0.8403472900390625,1000,1.0000526380080965,0.9990210234797179,0.9982776671825858,0.9980171566780749,0.9977691061400281,0.9964980128235815,0.2839019507518424,0,True,0.037205988033479874,[]
8,7.99908447265625,7,0.9998855590820312,0.030831680466073454,1.0,0.14734679293531158,0.41540983967079037,0.3481870212014974,0.14734679293531158,0.0700218818380744,0.6700482696555674,0.21555727554179568,0.43239019575588095,0.32071497966662277,0.21555727554179568,/mnt/disk1/backup_user/dat.tt2/xuance/external_baselines/dreamerv3-official/paper_artifacts/synthetic_revision_v13/runs/coarse_protected_fine_x2/seed_1/checkpoints/step_250.npz,coarse_protected_fine_x2,0.00011444091796875,7.64019775390625,True,0.5033548990885417,0.0018861384695658678,"[{'config_name': 'coarse_protected_fine_x2', 'seed': 1, 'level': 1, 'horizon': 1, 'nrmse': 1.005158838307334}, {'config_name': 'coarse_protected_fine_x2', 'seed': 1, 'level': 2, 'horizon': 2, 'nrmse': 1.0052551600339001}, {'config_name': 'coarse_protected_fine_x2', 'seed': 1, 'level': 3, 'horizon': 4, 'nrmse': 1.0064637767809133}, {'config_name': 'coarse_protected_fine_x2', 'seed': 1, 'level': 4, 'horizon': 8, 'nrmse': 1.0067102366849434}, {'config_name': 'coarse_protected_fine_x2', 'seed': 1, 'level': 5, 'horizon': 16, 'nrmse': 1.005439496842723}, {'config_name': 'coarse_protected_fine_x2', 'seed': 1, 'level': 6, 'horizon': 32, 'nrmse': 1.0064840131803479}]",-0.0003305867698015774,0.0026077561018031936,-0.0025108157953417365,0.003495771725897545,-0.001375986792991557,False,"[2, 4, 6]",0.4806162516276042,250,1.0003978939582743,1.0007284807280759,0.9981207246262727,1.0006315404216144,0.9971357686957169,0.9985117554887084,0.30868745337831166,1,False,0.007320126871974882,"[2, 4, 6]"
8,7.998626708984375,7,0.9998283386230469,0.024096867383501162,1.0,0.12402626515980643,0.38666551205779065,0.33176298195218096,0.12402626515980643,0.057416267942583726,0.671759779389235,0.18668288233505628,0.417408425284056,0.30399004745719754,0.18668288233505628,/mnt/disk1/backup_user/dat.tt2/xuance/external_baselines/dreamerv3-official/paper_artifacts/synthetic_revision_v13/runs/coarse_protected_fine_x2/seed_1/checkpoints/step_500.npz,coarse_protected_fine_x2,0.000171661376953125,7.512696266174316,True,0.48416544596354166,0.0037452361608479867,"[{'config_name': 'coarse_protected_fine_x2', 'seed': 1, 'level': 1, 'horizon': 1, 'nrmse': 1.004482730481685}, {'config_name': 'coarse_protected_fine_x2', 'seed': 1, 'level': 2, 'horizon': 2, 'nrmse': 1.0041251029335998}, {'config_name': 'coarse_protected_fine_x2', 'seed': 1, 'level': 3, 'horizon': 4, 'nrmse': 1.0054854484920939}, {'config_name': 'coarse_protected_fine_x2', 'seed': 1, 'level': 4, 'horizon': 8, 'nrmse': 1.0052408443277498}, {'config_name': 'coarse_protected_fine_x2', 'seed': 1, 'level': 5, 'horizon': 16, 'nrmse': 1.0039809738179766}, {'config_name': 'coarse_protected_fine_x2', 'seed': 1, 'level': 6, 'horizon': 32, 'nrmse': 1.0048584735838495}]",0.0005235836971596575,0.001809434562539014,-0.0012839951256931048,0.0034004220534527008,-0.0007042090266102807,False,"[4, 6]",0.5917714436848959,500,0.9996501192333179,0.9991265355361583,0.9973171009736193,0.9986010960993124,0.9952006740458597,0.9959048830724699,0.1996541002155114,1,False,0.010423064156416575,"[4, 6]"
8,7.98516845703125,7,0.9981460571289062,0.018137884779316236,1.0,0.08678637842692487,0.32306121571326407,0.30295437146928605,0.08678637842692487,0.04108108108108108,0.6720852819245615,0.13379705400981998,0.3885859538354311,0.2738692849721427,0.13379705400981998,/mnt/disk1/backup_user/dat.tt2/xuance/external_baselines/dreamerv3-official/paper_artifacts/synthetic_revision_v13/runs/coarse_protected_fine_x2/seed_1/checkpoints/step_1000.npz,coarse_protected_fine_x2,0.00185394287109375,6.856608867645264,True,0.3875244140625,0.0022027630074432647,"[{'config_name': 'coarse_protected_fine_x2', 'seed': 1, 'level': 1, 'horizon': 1, 'nrmse': 1.003945891501053}, {'config_name': 'coarse_protected_fine_x2', 'seed': 1, 'level': 2, 'horizon': 2, 'nrmse': 1.0029926598822745}, {'config_name': 'coarse_protected_fine_x2', 'seed': 1, 'level': 3, 'horizon': 4, 'nrmse': 1.0040598869389157}, {'config_name': 'coarse_protected_fine_x2', 'seed': 1, 'level': 4, 'horizon': 8, 'nrmse': 1.004126958673286}, {'config_name': 'coarse_protected_fine_x2', 'seed': 1, 'level': 5, 'horizon': 16, 'nrmse': 1.002661542901134}, {'config_name': 'coarse_protected_fine_x2', 'seed': 1, 'level': 6, 'horizon': 32, 'nrmse': 1.0034708221414022}]",0.0007087158229909241,0.0005370157177451151,-0.000769159915625095,0.0019146815133097572,-0.00018849013097743672,False,"[4, 6]",0.7710825602213541,1000,0.9995661691046595,0.9988574532816685,0.9983204375639234,0.9990895974795485,0.9971749159662388,0.9973634060972162,0.19332879094412134,1,False,0.07717660166917789,"[4, 6]"
8,7.999176025390625,7,0.9998970031738281,0.07929507962530763,1.0,0.22378847778468897,0.42706012879999805,0.3907864327989367,0.22378847778468897,0.14221218961625284,0.6724648333027092,0.26138978370915783,0.43982913536603324,0.35545714514066223,0.26138978370915783,/mnt/disk1/backup_user/dat.tt2/xuance/external_baselines/dreamerv3-official/paper_artifacts/synthetic_revision_v13/runs/coarse_protected_fine_x2/seed_2/checkpoints/step_250.npz,coarse_protected_fine_x2,0.000102996826171875,7.837404727935791,True,0.52064208984375,0.00018150901501523542,"[{'config_name': 'coarse_protected_fine_x2', 'seed': 2, 'level': 1, 'horizon': 1, 'nrmse': 1.0057836040016663}, {'config_name': 'coarse_protected_fine_x2', 'seed': 2, 'level': 2, 'horizon': 2, 'nrmse': 1.0042603068250182}, {'config_name': 'coarse_protected_fine_x2', 'seed': 2, 'level': 3, 'horizon': 4, 'nrmse': 1.0061247066296894}, {'config_name': 'coarse_protected_fine_x2', 'seed': 2, 'level': 4, 'horizon': 8, 'nrmse': 1.0066099383733358}, {'config_name': 'coarse_protected_fine_x2', 'seed': 2, 'level': 5, 'horizon': 16, 'nrmse': 1.0079902552255948}, {'config_name': 'coarse_protected_fine_x2', 'seed': 2, 'level': 6, 'horizon': 32, 'nrmse': 1.006332637843093}]",-0.0011535631363246424,0.0002495528035069139,0.002972806608633194,-0.0016027405089260593,-0.00028454675187417067,False,"[2, 5, 6]",0.4680684407552083,250,1.0002225707422125,1.0013761338785372,1.0011265810750303,0.9981537744663971,0.9997565149753231,1.0000410617271973,0.1198463998077908,2,False,0.006674964314970696,"[2, 5, 6]"
8,7.998809814453125,7,0.9998512268066406,0.0492482543737196,1.0,0.1846291748644108,0.3917345006889571,0.3620482209582997,0.1846291748644108,0.1124859392575928,0.6716783788200686,0.22123142250530783,0.41682966415581174,0.3286913654488178,0.22123142250530783,/mnt/disk1/backup_user/dat.tt2/xuance/external_baselines/dreamerv3-official/paper_artifacts/synthetic_revision_v13/runs/coarse_protected_fine_x2/seed_2/checkpoints/step_500.npz,coarse_protected_fine_x2,0.000148773193359375,7.792773723602295,True,0.5025858561197917,0.0035895307643256658,"[{'config_name': 'coarse_protected_fine_x2', 'seed': 2, 'level': 1, 'horizon': 1, 'nrmse': 1.0049680505938878}, {'config_name': 'coarse_protected_fine_x2', 'seed': 2, 'level': 2, 'horizon': 2, 'nrmse': 1.0034399815151898}, {'config_name': 'coarse_protected_fine_x2', 'seed': 2, 'level': 3, 'horizon': 4, 'nrmse': 1.0051067892275656}, {'config_name': 'coarse_protected_fine_x2', 'seed': 2, 'level': 4, 'horizon': 8, 'nrmse': 1.0058653449164128}, {'config_name': 'coarse_protected_fine_x2', 'seed': 2, 'level': 5, 'horizon': 16, 'nrmse': 1.0057337641358102}, {'config_name': 'coarse_protected_fine_x2', 'seed': 2, 'level': 6, 'horizon': 32, 'nrmse': 1.0045764895201132}]",-0.00019856414641650222,0.0012891205019690544,0.0024431254810760583,-0.0012571310845223005,0.0013129800122193558,False,"[2, 5]",0.5873819986979166,500,0.9996768065373758,0.9998753706837923,0.9985862501818232,0.9961431247007472,0.9974002557852695,0.9960872757730501,0.048293715996175976,2,False,0.009203745216025403,"[2, 5]"
8,7.995880126953125,7,0.9994850158691406,0.01913313167592203,1.0,0.09351505334297437,0.2945617546701287,0.30014499860639987,0.09351505334297437,0.05333333333333333,0.6714069715173061,0.12145156570090722,0.35434622014282197,0.26439793127905514,0.12145156570090722,/mnt/disk1/backup_user/dat.tt2/xuance/external_baselines/dreamerv3-official/paper_artifacts/synthetic_revision_v13/runs/coarse_protected_fine_x2/seed_2/checkpoints/step_1000.npz,coarse_protected_fine_x2,0.000514984130859375,7.18694543838501,True,0.4070078531901042,0.0025983006662596564,"[{'config_name': 'coarse_protected_fine_x2', 'seed': 2, 'level': 1, 'horizon': 1, 'nrmse': 1.0040020055344194}, {'config_name': 'coarse_protected_fine_x2', 'seed': 2, 'level': 2, 'horizon': 2, 'nrmse': 1.002868236954747}, {'config_name': 'coarse_protected_fine_x2', 'seed': 2, 'level': 3, 'horizon': 4, 'nrmse': 1.0038420584471859}, {'config_name': 'coarse_protected_fine_x2', 'seed': 2, 'level': 4, 'horizon': 8, 'nrmse': 1.0048211820530137}, {'config_name': 'coarse_protected_fine_x2', 'seed': 2, 'level': 5, 'horizon': 16, 'nrmse': 1.0038569927332315}, {'config_name': 'coarse_protected_fine_x2', 'seed': 2, 'level': 6, 'horizon': 32, 'nrmse': 1.0030461228589465}]",0.00020695915928237163,0.0009451900801386026,0.0006916606915897683,-0.0002670497776906533,0.0010215405129395672,False,[5],0.8442026774088541,1000,0.9996123858596999,0.9994054267004175,0.9984602366202789,0.9977685759286892,0.9980356257063798,0.9970140851934403,-0.052943044209395246,2,False,0.026737421144571862,[5]
8,7.9986572265625,7,0.9998321533203125,0.04316650094511261,1.0,0.16434950949332028,0.4001420393397944,0.35440151185430946,0.16434950949332028,0.1013986013986014,0.6670493214710345,0.20453848512726158,0.4531562593112842,0.3261362304870886,0.20453848512726158,/mnt/disk1/backup_user/dat.tt2/xuance/external_baselines/dreamerv3-official/paper_artifacts/synthetic_revision_v13/runs/coarse_protected_fine_x2/seed_3/checkpoints/step_250.npz,coarse_protected_fine_x2,0.0001678466796875,7.608128547668457,True,0.5070546468098959,0.0035254635608756857,"[{'config_name': 'coarse_protected_fine_x2', 'seed': 3, 'level': 1, 'horizon': 1, 'nrmse': 1.0052675316318076}, {'config_name': 'coarse_protected_fine_x2', 'seed': 3, 'level': 2, 'horizon': 2, 'nrmse': 1.0043531821778815}, {'config_name': 'coarse_protected_fine_x2', 'seed': 3, 'level': 3, 'horizon': 4, 'nrmse': 1.0075041397963838}, {'config_name': 'coarse_protected_fine_x2', 'seed': 3, 'level': 4, 'horizon': 8, 'nrmse': 1.0071131973025045}, {'config_name': 'coarse_protected_fine_x2', 'seed': 3, 'level': 5, 'horizon': 16, 'nrmse': 1.0085453864974188}, {'config_name': 'coarse_protected_fine_x2', 'seed': 3, 'level': 6, 'horizon': 32, 'nrmse': 1.0077583761333844}]",0.0008890760467721304,9.870767759112553e-05,0.001133591842559456,-0.0024644223031884405,0.0038685102971414143,False,[5],0.4865926106770833,250,1.0001890790593058,0.9993000030125336,0.9992012953349425,0.998067703492383,1.0005321257955715,0.9966636154984301,0.1819292733863347,3,False,0.010221636525621768,[5]
8,7.9984130859375,7,0.9998016357421875,0.025593272334970826,1.0,0.12240727422184446,0.3471808478274361,0.32351773372121917,0.12240727422184446,0.0528169014084507,0.6681959691954776,0.16162605607934372,0.4322830748927747,0.2953096115310781,0.16162605607934372,/mnt/disk1/backup_user/dat.tt2/xuance/external_baselines/dreamerv3-official/paper_artifacts/synthetic_revision_v13/runs/coarse_protected_fine_x2/seed_3/checkpoints/step_500.npz,coarse_protected_fine_x2,0.0001983642578125,7.3864665031433105,True,0.4879526774088542,0.005690404826144246,"[{'config_name': 'coarse_protected_fine_x2', 'seed': 3, 'level': 1, 'horizon': 1, 'nrmse': 1.0045126874223327}, {'config_name': 'coarse_protected_fine_x2', 'seed': 3, 'level': 2, 'horizon': 2, 'nrmse': 1.0036616982234048}, {'config_name': 'coarse_protected_fine_x2', 'seed': 3, 'level': 3, 'horizon': 4, 'nrmse': 1.0060413750809263}, {'config_name': 'coarse_protected_fine_x2', 'seed': 3, 'level': 4, 'horizon': 8, 'nrmse': 1.0050575679416047}, {'config_name': 'coarse_protected_fine_x2', 'seed': 3, 'level': 5, 'horizon': 16, 'nrmse': 1.005803486926875}, {'config_name': 'coarse_protected_fine_x2', 'seed': 3, 'level': 6, 'horizon': 32, 'nrmse': 1.0054855368606503}]",0.0014534860170267727,0.000404462883021095,0.0010867565076236874,-0.00036628766662061274,0.003111987085093304,False,[5],0.5944010416666666,500,0.9997913321865772,0.9983378461695505,0.9979333832865294,0.9968466267789057,0.9972129144455263,0.994100927360433,0.12016173425403932,3,False,0.01181482514963875,[5]
8,7.972259521484375,6,0.9965324401855469,0.01058184533696871,1.0,0.07586134325529056,0.2759655732223195,0.28765402101397386,0.07586134325529056,0.016339869281045753,0.6723564121934786,0.12139802937348951,0.3581000778656613,0.25791848361743297,0.12139802937348951,/mnt/disk1/backup_user/dat.tt2/xuance/external_baselines/dreamerv3-official/paper_artifacts/synthetic_revision_v13/runs/coarse_protected_fine_x2/seed_3/checkpoints/step_1000.npz,coarse_protected_fine_x2,0.003467559814453125,6.290950298309326,True,0.4003672281901042,0.0032675157445027914,"[{'config_name': 'coarse_protected_fine_x2', 'seed': 3, 'level': 1, 'horizon': 1, 'nrmse': 1.0037473273546365}, {'config_name': 'coarse_protected_fine_x2', 'seed': 3, 'level': 2, 'horizon': 2, 'nrmse': 1.003415680162157}, {'config_name': 'coarse_protected_fine_x2', 'seed': 3, 'level': 3, 'horizon': 4, 'nrmse': 1.0044943067625844}, {'config_name': 'coarse_protected_fine_x2', 'seed': 3, 'level': 4, 'horizon': 8, 'nrmse': 1.0036229927956652}, {'config_name': 'coarse_protected_fine_x2', 'seed': 3, 'level': 5, 'horizon': 16, 'nrmse': 1.0035211922185974}, {'config_name': 'coarse_protected_fine_x2', 'seed': 3, 'level': 6, 'horizon': 32, 'nrmse': 1.0037458250891762}]",0.0008642444824004114,-2.3594404580773443e-05,0.0008594725803502401,0.0004688835606970754,0.001098509525635838,False,[3],0.8074188232421875,1000,0.9996226366122519,0.9987583921298515,0.9987819865344323,0.997922513954082,0.997453630393385,0.9963551208677491,0.08012129060525074,3,False,0.12724657795131306,[3]
8,7.999298095703125,7,0.9999122619628906,0.06558947472755723,1.0,0.17961463620496798,0.38400000710885784,0.3617637508492702,0.17961463620496798,0.10760667903525047,0.6707007931965001,0.22366863905325443,0.42908792111750205,0.33094653429115234,0.22366863905325443,/mnt/disk1/backup_user/dat.tt2/xuance/external_baselines/dreamerv3-official/paper_artifacts/synthetic_revision_v13/runs/coarse_protected_fine_x2/seed_4/checkpoints/step_250.npz,coarse_protected_fine_x2,8.7738037109375e-05,7.72279691696167,False,0.5145853678385417,-0.002950802838068922,"[{'config_name': 'coarse_protected_fine_x2', 'seed': 4, 'level': 1, 'horizon': 1, 'nrmse': 1.0045961073396523}, {'config_name': 'coarse_protected_fine_x2', 'seed': 4, 'level': 2, 'horizon': 2, 'nrmse': 1.0072690794361399}, {'config_name': 'coarse_protected_fine_x2', 'seed': 4, 'level': 3, 'horizon': 4, 'nrmse': 1.0066642850355725}, {'config_name': 'coarse_protected_fine_x2', 'seed': 4, 'level': 4, 'horizon': 8, 'nrmse': 1.005451249860735}, {'config_name': 'coarse_protected_fine_x2', 'seed': 4, 'level': 5, 'horizon': 16, 'nrmse': 1.006245506446401}, {'config_name': 'coarse_protected_fine_x2', 'seed': 4, 'level': 6, 'horizon': 32, 'nrmse': 1.0085450330231929}]",0.000562377493455557,-0.002702575562909093,0.003976054830380771,0.0010565344613066019,-0.005843194060302759,False,"[3, 6]",0.4758860270182292,250,1.0009071619492838,1.0003447844558282,1.0030473600187373,0.9990713051883565,0.9980147707270499,1.0038579647873527,0.4335895747851438,4,False,0.005798665807510399,"[3, 6]"
8,7.998565673828125,7,0.9998207092285156,0.03247629973566198,1.0,0.1383034955501611,0.35274272239855403,0.33236520264690766,0.1383034955501611,0.046905537459283386,0.6671859306782545,0.18780620577027762,0.40393826503459285,0.2987284289425372,0.18780620577027762,/mnt/disk1/backup_user/dat.tt2/xuance/external_baselines/dreamerv3-official/paper_artifacts/synthetic_revision_v13/runs/coarse_protected_fine_x2/seed_4/checkpoints/step_500.npz,coarse_protected_fine_x2,0.000179290771484375,7.7625837326049805,True,0.49630533854166664,0.0013287096152733158,"[{'config_name': 'coarse_protected_fine_x2', 'seed': 4, 'level': 1, 'horizon': 1, 'nrmse': 1.0039712532767635}, {'config_name': 'coarse_protected_fine_x2', 'seed': 4, 'level': 2, 'horizon': 2, 'nrmse': 1.00598199141097}, {'config_name': 'coarse_protected_fine_x2', 'seed': 4, 'level': 3, 'horizon': 4, 'nrmse': 1.0052325376834406}, {'config_name': 'coarse_protected_fine_x2', 'seed': 4, 'level': 4, 'horizon': 8, 'nrmse': 1.0041351769490388}, {'config_name': 'coarse_protected_fine_x2', 'seed': 4, 'level': 5, 'horizon': 16, 'nrmse': 1.0042631346188258}, {'config_name': 'coarse_protected_fine_x2', 'seed': 4, 'level': 6, 'horizon': 32, 'nrmse': 1.0064202110825675}]",0.0013694475198118283,-0.001412394638262482,0.0033306992623879372,0.001628897601644863,-0.003587940130308831,False,"[3, 6]",0.598358154296875,500,1.0004152141953448,0.999045766675533,1.0004581613137955,0.9971274620514076,0.9954985644497627,0.9990865045800715,0.3853878324818284,4,False,0.010823896693831601,"[3, 6]"
8,7.993377685546875,7,0.9991722106933594,0.011495015901255366,1.0,0.07576818140395211,0.28028474917655977,0.2886632255771439,0.07576818140395211,0.020671834625323002,0.6661469978871362,0.12394259100845928,0.3487361932734869,0.2566880415605729,0.12394259100845928,/mnt/disk1/backup_user/dat.tt2/xuance/external_baselines/dreamerv3-official/paper_artifacts/synthetic_revision_v13/runs/coarse_protected_fine_x2/seed_4/checkpoints/step_1000.npz,coarse_protected_fine_x2,0.000827789306640625,7.769142150878906,True,0.4115987141927083,0.002231040945517737,"[{'config_name': 'coarse_protected_fine_x2', 'seed': 4, 'level': 1, 'horizon': 1, 'nrmse': 1.003525345540752}, {'config_name': 'coarse_protected_fine_x2', 'seed': 4, 'level': 2, 'horizon': 2, 'nrmse': 1.0044316534560382}, {'config_name': 'coarse_protected_fine_x2', 'seed': 4, 'level': 3, 'horizon': 4, 'nrmse': 1.003673274504304}, {'config_name': 'coarse_protected_fine_x2', 'seed': 4, 'level': 4, 'horizon': 8, 'nrmse': 1.0033327020876197}, {'config_name': 'coarse_protected_fine_x2', 'seed': 4, 'level': 5, 'horizon': 16, 'nrmse': 1.0029812603384882}, {'config_name': 'coarse_protected_fine_x2', 'seed': 4, 'level': 6, 'horizon': 32, 'nrmse': 1.0044937765512454}]",0.0010431908092778386,-6.168125242489442e-05,0.00091328903124821,0.001047167394319537,-0.0007109250369029541,False,"[3, 6]",0.8236490885416666,1000,0.9998999371424945,0.9988567463332166,0.9989184275856415,0.9980051385543933,0.9969579711600738,0.9976688961969767,0.29512143852730244,4,False,0.03982652524300356,"[3, 6]"
