method,seed,run_id,dataset_manifest_hash,config_hash,code_commit,checkpoint_initial_path,checkpoint_periodic_paths,checkpoint_final_path,checkpoint_final_exists,checkpoint_final_load_pass,native_writer_pass,evaluator_model_derived,evaluation_split,optimizer_updates,training_wall_clock_seconds,status,failure_reason
hts_full,0,synthetic_full_v9_hts_full_seed0,5670241265b225d4cdab4e78131192fc24822c8dd4cb5b5617b3364be3dae9eb,dd7f7dc400862ae4,e3f02248693a79dc8b0ebd62c93683888ddaccfe,/mnt/disk1/backup_user/dat.tt2/xuance/external_baselines/dreamerv3-official/paper_artifacts/synthetic_full_v9/runs/hts_full/seed_0/checkpoints/initial.npz,/mnt/disk1/backup_user/dat.tt2/xuance/external_baselines/dreamerv3-official/paper_artifacts/synthetic_full_v9/runs/hts_full/seed_0/checkpoints/step_1.npz;/mnt/disk1/backup_user/dat.tt2/xuance/external_baselines/dreamerv3-official/paper_artifacts/synthetic_full_v9/runs/hts_full/seed_0/checkpoints/step_100.npz;/mnt/disk1/backup_user/dat.tt2/xuance/external_baselines/dreamerv3-official/paper_artifacts/synthetic_full_v9/runs/hts_full/seed_0/checkpoints/step_200.npz,/mnt/disk1/backup_user/dat.tt2/xuance/external_baselines/dreamerv3-official/paper_artifacts/synthetic_full_v9/runs/hts_full/seed_0/checkpoints/final.npz,True,True,True,True,test,250,55.344,pass,
hts_full,1,synthetic_full_v9_hts_full_seed1,5670241265b225d4cdab4e78131192fc24822c8dd4cb5b5617b3364be3dae9eb,04fc0c622f88b0da,e3f02248693a79dc8b0ebd62c93683888ddaccfe,/mnt/disk1/backup_user/dat.tt2/xuance/external_baselines/dreamerv3-official/paper_artifacts/synthetic_full_v9/runs/hts_full/seed_1/checkpoints/initial.npz,/mnt/disk1/backup_user/dat.tt2/xuance/external_baselines/dreamerv3-official/paper_artifacts/synthetic_full_v9/runs/hts_full/seed_1/checkpoints/step_1.npz;/mnt/disk1/backup_user/dat.tt2/xuance/external_baselines/dreamerv3-official/paper_artifacts/synthetic_full_v9/runs/hts_full/seed_1/checkpoints/step_100.npz;/mnt/disk1/backup_user/dat.tt2/xuance/external_baselines/dreamerv3-official/paper_artifacts/synthetic_full_v9/runs/hts_full/seed_1/checkpoints/step_200.npz,/mnt/disk1/backup_user/dat.tt2/xuance/external_baselines/dreamerv3-official/paper_artifacts/synthetic_full_v9/runs/hts_full/seed_1/checkpoints/final.npz,True,True,True,True,test,250,37.293,pass,
hts_full,2,synthetic_full_v9_hts_full_seed2,5670241265b225d4cdab4e78131192fc24822c8dd4cb5b5617b3364be3dae9eb,c3e82925edf6d44e,e3f02248693a79dc8b0ebd62c93683888ddaccfe,/mnt/disk1/backup_user/dat.tt2/xuance/external_baselines/dreamerv3-official/paper_artifacts/synthetic_full_v9/runs/hts_full/seed_2/checkpoints/initial.npz,/mnt/disk1/backup_user/dat.tt2/xuance/external_baselines/dreamerv3-official/paper_artifacts/synthetic_full_v9/runs/hts_full/seed_2/checkpoints/step_1.npz;/mnt/disk1/backup_user/dat.tt2/xuance/external_baselines/dreamerv3-official/paper_artifacts/synthetic_full_v9/runs/hts_full/seed_2/checkpoints/step_100.npz;/mnt/disk1/backup_user/dat.tt2/xuance/external_baselines/dreamerv3-official/paper_artifacts/synthetic_full_v9/runs/hts_full/seed_2/checkpoints/step_200.npz,/mnt/disk1/backup_user/dat.tt2/xuance/external_baselines/dreamerv3-official/paper_artifacts/synthetic_full_v9/runs/hts_full/seed_2/checkpoints/final.npz,True,True,True,True,test,250,37.293,pass,
hts_full,3,synthetic_full_v9_hts_full_seed3,5670241265b225d4cdab4e78131192fc24822c8dd4cb5b5617b3364be3dae9eb,83f84b03a97c4dfa,e3f02248693a79dc8b0ebd62c93683888ddaccfe,/mnt/disk1/backup_user/dat.tt2/xuance/external_baselines/dreamerv3-official/paper_artifacts/synthetic_full_v9/runs/hts_full/seed_3/checkpoints/initial.npz,/mnt/disk1/backup_user/dat.tt2/xuance/external_baselines/dreamerv3-official/paper_artifacts/synthetic_full_v9/runs/hts_full/seed_3/checkpoints/step_1.npz;/mnt/disk1/backup_user/dat.tt2/xuance/external_baselines/dreamerv3-official/paper_artifacts/synthetic_full_v9/runs/hts_full/seed_3/checkpoints/step_100.npz;/mnt/disk1/backup_user/dat.tt2/xuance/external_baselines/dreamerv3-official/paper_artifacts/synthetic_full_v9/runs/hts_full/seed_3/checkpoints/step_200.npz,/mnt/disk1/backup_user/dat.tt2/xuance/external_baselines/dreamerv3-official/paper_artifacts/synthetic_full_v9/runs/hts_full/seed_3/checkpoints/final.npz,True,True,True,True,test,250,36.808,pass,
hts_full,4,synthetic_full_v9_hts_full_seed4,5670241265b225d4cdab4e78131192fc24822c8dd4cb5b5617b3364be3dae9eb,9e2c1a7bb6317048,e3f02248693a79dc8b0ebd62c93683888ddaccfe,/mnt/disk1/backup_user/dat.tt2/xuance/external_baselines/dreamerv3-official/paper_artifacts/synthetic_full_v9/runs/hts_full/seed_4/checkpoints/initial.npz,/mnt/disk1/backup_user/dat.tt2/xuance/external_baselines/dreamerv3-official/paper_artifacts/synthetic_full_v9/runs/hts_full/seed_4/checkpoints/step_1.npz;/mnt/disk1/backup_user/dat.tt2/xuance/external_baselines/dreamerv3-official/paper_artifacts/synthetic_full_v9/runs/hts_full/seed_4/checkpoints/step_100.npz;/mnt/disk1/backup_user/dat.tt2/xuance/external_baselines/dreamerv3-official/paper_artifacts/synthetic_full_v9/runs/hts_full/seed_4/checkpoints/step_200.npz,/mnt/disk1/backup_user/dat.tt2/xuance/external_baselines/dreamerv3-official/paper_artifacts/synthetic_full_v9/runs/hts_full/seed_4/checkpoints/final.npz,True,True,True,True,test,250,36.47,pass,
flat_sae,0,synthetic_full_v9_flat_sae_seed0,5670241265b225d4cdab4e78131192fc24822c8dd4cb5b5617b3364be3dae9eb,908c068d77ab0072,e3f02248693a79dc8b0ebd62c93683888ddaccfe,/mnt/disk1/backup_user/dat.tt2/xuance/external_baselines/dreamerv3-official/paper_artifacts/synthetic_full_v9/runs/flat_sae/seed_0/checkpoints/initial.npz,/mnt/disk1/backup_user/dat.tt2/xuance/external_baselines/dreamerv3-official/paper_artifacts/synthetic_full_v9/runs/flat_sae/seed_0/checkpoints/step_1.npz;/mnt/disk1/backup_user/dat.tt2/xuance/external_baselines/dreamerv3-official/paper_artifacts/synthetic_full_v9/runs/flat_sae/seed_0/checkpoints/step_100.npz;/mnt/disk1/backup_user/dat.tt2/xuance/external_baselines/dreamerv3-official/paper_artifacts/synthetic_full_v9/runs/flat_sae/seed_0/checkpoints/step_200.npz,/mnt/disk1/backup_user/dat.tt2/xuance/external_baselines/dreamerv3-official/paper_artifacts/synthetic_full_v9/runs/flat_sae/seed_0/checkpoints/final.npz,True,True,True,True,test,250,28.793,pass,
flat_sae,1,synthetic_full_v9_flat_sae_seed1,5670241265b225d4cdab4e78131192fc24822c8dd4cb5b5617b3364be3dae9eb,03a0bb47230a22f5,e3f02248693a79dc8b0ebd62c93683888ddaccfe,/mnt/disk1/backup_user/dat.tt2/xuance/external_baselines/dreamerv3-official/paper_artifacts/synthetic_full_v9/runs/flat_sae/seed_1/checkpoints/initial.npz,/mnt/disk1/backup_user/dat.tt2/xuance/external_baselines/dreamerv3-official/paper_artifacts/synthetic_full_v9/runs/flat_sae/seed_1/checkpoints/step_1.npz;/mnt/disk1/backup_user/dat.tt2/xuance/external_baselines/dreamerv3-official/paper_artifacts/synthetic_full_v9/runs/flat_sae/seed_1/checkpoints/step_100.npz;/mnt/disk1/backup_user/dat.tt2/xuance/external_baselines/dreamerv3-official/paper_artifacts/synthetic_full_v9/runs/flat_sae/seed_1/checkpoints/step_200.npz,/mnt/disk1/backup_user/dat.tt2/xuance/external_baselines/dreamerv3-official/paper_artifacts/synthetic_full_v9/runs/flat_sae/seed_1/checkpoints/final.npz,True,True,True,True,test,250,28.728,pass,
flat_sae,2,synthetic_full_v9_flat_sae_seed2,5670241265b225d4cdab4e78131192fc24822c8dd4cb5b5617b3364be3dae9eb,282615bff3181ede,e3f02248693a79dc8b0ebd62c93683888ddaccfe,/mnt/disk1/backup_user/dat.tt2/xuance/external_baselines/dreamerv3-official/paper_artifacts/synthetic_full_v9/runs/flat_sae/seed_2/checkpoints/initial.npz,/mnt/disk1/backup_user/dat.tt2/xuance/external_baselines/dreamerv3-official/paper_artifacts/synthetic_full_v9/runs/flat_sae/seed_2/checkpoints/step_1.npz;/mnt/disk1/backup_user/dat.tt2/xuance/external_baselines/dreamerv3-official/paper_artifacts/synthetic_full_v9/runs/flat_sae/seed_2/checkpoints/step_100.npz;/mnt/disk1/backup_user/dat.tt2/xuance/external_baselines/dreamerv3-official/paper_artifacts/synthetic_full_v9/runs/flat_sae/seed_2/checkpoints/step_200.npz,/mnt/disk1/backup_user/dat.tt2/xuance/external_baselines/dreamerv3-official/paper_artifacts/synthetic_full_v9/runs/flat_sae/seed_2/checkpoints/final.npz,True,True,True,True,test,250,28.084,pass,
flat_sae,3,synthetic_full_v9_flat_sae_seed3,5670241265b225d4cdab4e78131192fc24822c8dd4cb5b5617b3364be3dae9eb,dac6e72125f1d7ba,e3f02248693a79dc8b0ebd62c93683888ddaccfe,/mnt/disk1/backup_user/dat.tt2/xuance/external_baselines/dreamerv3-official/paper_artifacts/synthetic_full_v9/runs/flat_sae/seed_3/checkpoints/initial.npz,/mnt/disk1/backup_user/dat.tt2/xuance/external_baselines/dreamerv3-official/paper_artifacts/synthetic_full_v9/runs/flat_sae/seed_3/checkpoints/step_1.npz;/mnt/disk1/backup_user/dat.tt2/xuance/external_baselines/dreamerv3-official/paper_artifacts/synthetic_full_v9/runs/flat_sae/seed_3/checkpoints/step_100.npz;/mnt/disk1/backup_user/dat.tt2/xuance/external_baselines/dreamerv3-official/paper_artifacts/synthetic_full_v9/runs/flat_sae/seed_3/checkpoints/step_200.npz,/mnt/disk1/backup_user/dat.tt2/xuance/external_baselines/dreamerv3-official/paper_artifacts/synthetic_full_v9/runs/flat_sae/seed_3/checkpoints/final.npz,True,True,True,True,test,250,29.071,pass,
flat_sae,4,synthetic_full_v9_flat_sae_seed4,5670241265b225d4cdab4e78131192fc24822c8dd4cb5b5617b3364be3dae9eb,fedc49b7b878bf31,e3f02248693a79dc8b0ebd62c93683888ddaccfe,/mnt/disk1/backup_user/dat.tt2/xuance/external_baselines/dreamerv3-official/paper_artifacts/synthetic_full_v9/runs/flat_sae/seed_4/checkpoints/initial.npz,/mnt/disk1/backup_user/dat.tt2/xuance/external_baselines/dreamerv3-official/paper_artifacts/synthetic_full_v9/runs/flat_sae/seed_4/checkpoints/step_1.npz;/mnt/disk1/backup_user/dat.tt2/xuance/external_baselines/dreamerv3-official/paper_artifacts/synthetic_full_v9/runs/flat_sae/seed_4/checkpoints/step_100.npz;/mnt/disk1/backup_user/dat.tt2/xuance/external_baselines/dreamerv3-official/paper_artifacts/synthetic_full_v9/runs/flat_sae/seed_4/checkpoints/step_200.npz,/mnt/disk1/backup_user/dat.tt2/xuance/external_baselines/dreamerv3-official/paper_artifacts/synthetic_full_v9/runs/flat_sae/seed_4/checkpoints/final.npz,True,True,True,True,test,250,27.719,pass,
flat_mh,0,synthetic_full_v9_flat_mh_seed0,5670241265b225d4cdab4e78131192fc24822c8dd4cb5b5617b3364be3dae9eb,f60c5c265f762b51,e3f02248693a79dc8b0ebd62c93683888ddaccfe,/mnt/disk1/backup_user/dat.tt2/xuance/external_baselines/dreamerv3-official/paper_artifacts/synthetic_full_v9/runs/flat_mh/seed_0/checkpoints/initial.npz,/mnt/disk1/backup_user/dat.tt2/xuance/external_baselines/dreamerv3-official/paper_artifacts/synthetic_full_v9/runs/flat_mh/seed_0/checkpoints/step_1.npz;/mnt/disk1/backup_user/dat.tt2/xuance/external_baselines/dreamerv3-official/paper_artifacts/synthetic_full_v9/runs/flat_mh/seed_0/checkpoints/step_100.npz;/mnt/disk1/backup_user/dat.tt2/xuance/external_baselines/dreamerv3-official/paper_artifacts/synthetic_full_v9/runs/flat_mh/seed_0/checkpoints/step_200.npz,/mnt/disk1/backup_user/dat.tt2/xuance/external_baselines/dreamerv3-official/paper_artifacts/synthetic_full_v9/runs/flat_mh/seed_0/checkpoints/final.npz,True,True,True,True,test,250,28.702,pass,
flat_mh,1,synthetic_full_v9_flat_mh_seed1,5670241265b225d4cdab4e78131192fc24822c8dd4cb5b5617b3364be3dae9eb,6c677119000ab071,e3f02248693a79dc8b0ebd62c93683888ddaccfe,/mnt/disk1/backup_user/dat.tt2/xuance/external_baselines/dreamerv3-official/paper_artifacts/synthetic_full_v9/runs/flat_mh/seed_1/checkpoints/initial.npz,/mnt/disk1/backup_user/dat.tt2/xuance/external_baselines/dreamerv3-official/paper_artifacts/synthetic_full_v9/runs/flat_mh/seed_1/checkpoints/step_1.npz;/mnt/disk1/backup_user/dat.tt2/xuance/external_baselines/dreamerv3-official/paper_artifacts/synthetic_full_v9/runs/flat_mh/seed_1/checkpoints/step_100.npz;/mnt/disk1/backup_user/dat.tt2/xuance/external_baselines/dreamerv3-official/paper_artifacts/synthetic_full_v9/runs/flat_mh/seed_1/checkpoints/step_200.npz,/mnt/disk1/backup_user/dat.tt2/xuance/external_baselines/dreamerv3-official/paper_artifacts/synthetic_full_v9/runs/flat_mh/seed_1/checkpoints/final.npz,True,True,True,True,test,250,28.728,pass,
flat_mh,2,synthetic_full_v9_flat_mh_seed2,5670241265b225d4cdab4e78131192fc24822c8dd4cb5b5617b3364be3dae9eb,b74035ca87ce45b1,e3f02248693a79dc8b0ebd62c93683888ddaccfe,/mnt/disk1/backup_user/dat.tt2/xuance/external_baselines/dreamerv3-official/paper_artifacts/synthetic_full_v9/runs/flat_mh/seed_2/checkpoints/initial.npz,/mnt/disk1/backup_user/dat.tt2/xuance/external_baselines/dreamerv3-official/paper_artifacts/synthetic_full_v9/runs/flat_mh/seed_2/checkpoints/step_1.npz;/mnt/disk1/backup_user/dat.tt2/xuance/external_baselines/dreamerv3-official/paper_artifacts/synthetic_full_v9/runs/flat_mh/seed_2/checkpoints/step_100.npz;/mnt/disk1/backup_user/dat.tt2/xuance/external_baselines/dreamerv3-official/paper_artifacts/synthetic_full_v9/runs/flat_mh/seed_2/checkpoints/step_200.npz,/mnt/disk1/backup_user/dat.tt2/xuance/external_baselines/dreamerv3-official/paper_artifacts/synthetic_full_v9/runs/flat_mh/seed_2/checkpoints/final.npz,True,True,True,True,test,250,28.461,pass,
flat_mh,3,synthetic_full_v9_flat_mh_seed3,5670241265b225d4cdab4e78131192fc24822c8dd4cb5b5617b3364be3dae9eb,5de3fc44131e99f8,e3f02248693a79dc8b0ebd62c93683888ddaccfe,/mnt/disk1/backup_user/dat.tt2/xuance/external_baselines/dreamerv3-official/paper_artifacts/synthetic_full_v9/runs/flat_mh/seed_3/checkpoints/initial.npz,/mnt/disk1/backup_user/dat.tt2/xuance/external_baselines/dreamerv3-official/paper_artifacts/synthetic_full_v9/runs/flat_mh/seed_3/checkpoints/step_1.npz;/mnt/disk1/backup_user/dat.tt2/xuance/external_baselines/dreamerv3-official/paper_artifacts/synthetic_full_v9/runs/flat_mh/seed_3/checkpoints/step_100.npz;/mnt/disk1/backup_user/dat.tt2/xuance/external_baselines/dreamerv3-official/paper_artifacts/synthetic_full_v9/runs/flat_mh/seed_3/checkpoints/step_200.npz,/mnt/disk1/backup_user/dat.tt2/xuance/external_baselines/dreamerv3-official/paper_artifacts/synthetic_full_v9/runs/flat_mh/seed_3/checkpoints/final.npz,True,True,True,True,test,250,28.52,pass,
flat_mh,4,synthetic_full_v9_flat_mh_seed4,5670241265b225d4cdab4e78131192fc24822c8dd4cb5b5617b3364be3dae9eb,66f9c6de2a1291ce,e3f02248693a79dc8b0ebd62c93683888ddaccfe,/mnt/disk1/backup_user/dat.tt2/xuance/external_baselines/dreamerv3-official/paper_artifacts/synthetic_full_v9/runs/flat_mh/seed_4/checkpoints/initial.npz,/mnt/disk1/backup_user/dat.tt2/xuance/external_baselines/dreamerv3-official/paper_artifacts/synthetic_full_v9/runs/flat_mh/seed_4/checkpoints/step_1.npz;/mnt/disk1/backup_user/dat.tt2/xuance/external_baselines/dreamerv3-official/paper_artifacts/synthetic_full_v9/runs/flat_mh/seed_4/checkpoints/step_100.npz;/mnt/disk1/backup_user/dat.tt2/xuance/external_baselines/dreamerv3-official/paper_artifacts/synthetic_full_v9/runs/flat_mh/seed_4/checkpoints/step_200.npz,/mnt/disk1/backup_user/dat.tt2/xuance/external_baselines/dreamerv3-official/paper_artifacts/synthetic_full_v9/runs/flat_mh/seed_4/checkpoints/final.npz,True,True,True,True,test,250,28.977,pass,
flat_partition_dim_matched,0,synthetic_full_v9_flat_partition_dim_matched_seed0,5670241265b225d4cdab4e78131192fc24822c8dd4cb5b5617b3364be3dae9eb,e319e67872643440,e3f02248693a79dc8b0ebd62c93683888ddaccfe,/mnt/disk1/backup_user/dat.tt2/xuance/external_baselines/dreamerv3-official/paper_artifacts/synthetic_full_v9/runs/flat_partition_dim_matched/seed_0/checkpoints/initial.npz,/mnt/disk1/backup_user/dat.tt2/xuance/external_baselines/dreamerv3-official/paper_artifacts/synthetic_full_v9/runs/flat_partition_dim_matched/seed_0/checkpoints/step_1.npz;/mnt/disk1/backup_user/dat.tt2/xuance/external_baselines/dreamerv3-official/paper_artifacts/synthetic_full_v9/runs/flat_partition_dim_matched/seed_0/checkpoints/step_100.npz;/mnt/disk1/backup_user/dat.tt2/xuance/external_baselines/dreamerv3-official/paper_artifacts/synthetic_full_v9/runs/flat_partition_dim_matched/seed_0/checkpoints/step_200.npz,/mnt/disk1/backup_user/dat.tt2/xuance/external_baselines/dreamerv3-official/paper_artifacts/synthetic_full_v9/runs/flat_partition_dim_matched/seed_0/checkpoints/final.npz,True,True,True,True,test,250,26.596,pass,
flat_partition_dim_matched,1,synthetic_full_v9_flat_partition_dim_matched_seed1,5670241265b225d4cdab4e78131192fc24822c8dd4cb5b5617b3364be3dae9eb,782380fcb79e59b1,e3f02248693a79dc8b0ebd62c93683888ddaccfe,/mnt/disk1/backup_user/dat.tt2/xuance/external_baselines/dreamerv3-official/paper_artifacts/synthetic_full_v9/runs/flat_partition_dim_matched/seed_1/checkpoints/initial.npz,/mnt/disk1/backup_user/dat.tt2/xuance/external_baselines/dreamerv3-official/paper_artifacts/synthetic_full_v9/runs/flat_partition_dim_matched/seed_1/checkpoints/step_1.npz;/mnt/disk1/backup_user/dat.tt2/xuance/external_baselines/dreamerv3-official/paper_artifacts/synthetic_full_v9/runs/flat_partition_dim_matched/seed_1/checkpoints/step_100.npz;/mnt/disk1/backup_user/dat.tt2/xuance/external_baselines/dreamerv3-official/paper_artifacts/synthetic_full_v9/runs/flat_partition_dim_matched/seed_1/checkpoints/step_200.npz,/mnt/disk1/backup_user/dat.tt2/xuance/external_baselines/dreamerv3-official/paper_artifacts/synthetic_full_v9/runs/flat_partition_dim_matched/seed_1/checkpoints/final.npz,True,True,True,True,test,250,26.49,pass,
flat_partition_dim_matched,2,synthetic_full_v9_flat_partition_dim_matched_seed2,5670241265b225d4cdab4e78131192fc24822c8dd4cb5b5617b3364be3dae9eb,80d53318b45f712f,e3f02248693a79dc8b0ebd62c93683888ddaccfe,/mnt/disk1/backup_user/dat.tt2/xuance/external_baselines/dreamerv3-official/paper_artifacts/synthetic_full_v9/runs/flat_partition_dim_matched/seed_2/checkpoints/initial.npz,/mnt/disk1/backup_user/dat.tt2/xuance/external_baselines/dreamerv3-official/paper_artifacts/synthetic_full_v9/runs/flat_partition_dim_matched/seed_2/checkpoints/step_1.npz;/mnt/disk1/backup_user/dat.tt2/xuance/external_baselines/dreamerv3-official/paper_artifacts/synthetic_full_v9/runs/flat_partition_dim_matched/seed_2/checkpoints/step_100.npz;/mnt/disk1/backup_user/dat.tt2/xuance/external_baselines/dreamerv3-official/paper_artifacts/synthetic_full_v9/runs/flat_partition_dim_matched/seed_2/checkpoints/step_200.npz,/mnt/disk1/backup_user/dat.tt2/xuance/external_baselines/dreamerv3-official/paper_artifacts/synthetic_full_v9/runs/flat_partition_dim_matched/seed_2/checkpoints/final.npz,True,True,True,True,test,250,26.765,pass,
flat_partition_dim_matched,3,synthetic_full_v9_flat_partition_dim_matched_seed3,5670241265b225d4cdab4e78131192fc24822c8dd4cb5b5617b3364be3dae9eb,c80e608e38562157,e3f02248693a79dc8b0ebd62c93683888ddaccfe,/mnt/disk1/backup_user/dat.tt2/xuance/external_baselines/dreamerv3-official/paper_artifacts/synthetic_full_v9/runs/flat_partition_dim_matched/seed_3/checkpoints/initial.npz,/mnt/disk1/backup_user/dat.tt2/xuance/external_baselines/dreamerv3-official/paper_artifacts/synthetic_full_v9/runs/flat_partition_dim_matched/seed_3/checkpoints/step_1.npz;/mnt/disk1/backup_user/dat.tt2/xuance/external_baselines/dreamerv3-official/paper_artifacts/synthetic_full_v9/runs/flat_partition_dim_matched/seed_3/checkpoints/step_100.npz;/mnt/disk1/backup_user/dat.tt2/xuance/external_baselines/dreamerv3-official/paper_artifacts/synthetic_full_v9/runs/flat_partition_dim_matched/seed_3/checkpoints/step_200.npz,/mnt/disk1/backup_user/dat.tt2/xuance/external_baselines/dreamerv3-official/paper_artifacts/synthetic_full_v9/runs/flat_partition_dim_matched/seed_3/checkpoints/final.npz,True,True,True,True,test,250,27.85,pass,
flat_partition_dim_matched,4,synthetic_full_v9_flat_partition_dim_matched_seed4,5670241265b225d4cdab4e78131192fc24822c8dd4cb5b5617b3364be3dae9eb,acf055cc85d3f17d,e3f02248693a79dc8b0ebd62c93683888ddaccfe,/mnt/disk1/backup_user/dat.tt2/xuance/external_baselines/dreamerv3-official/paper_artifacts/synthetic_full_v9/runs/flat_partition_dim_matched/seed_4/checkpoints/initial.npz,/mnt/disk1/backup_user/dat.tt2/xuance/external_baselines/dreamerv3-official/paper_artifacts/synthetic_full_v9/runs/flat_partition_dim_matched/seed_4/checkpoints/step_1.npz;/mnt/disk1/backup_user/dat.tt2/xuance/external_baselines/dreamerv3-official/paper_artifacts/synthetic_full_v9/runs/flat_partition_dim_matched/seed_4/checkpoints/step_100.npz;/mnt/disk1/backup_user/dat.tt2/xuance/external_baselines/dreamerv3-official/paper_artifacts/synthetic_full_v9/runs/flat_partition_dim_matched/seed_4/checkpoints/step_200.npz,/mnt/disk1/backup_user/dat.tt2/xuance/external_baselines/dreamerv3-official/paper_artifacts/synthetic_full_v9/runs/flat_partition_dim_matched/seed_4/checkpoints/final.npz,True,True,True,True,test,250,26.509,pass,
matryoshka_only,0,synthetic_full_v9_matryoshka_only_seed0,5670241265b225d4cdab4e78131192fc24822c8dd4cb5b5617b3364be3dae9eb,ad6425bd5536f01d,e3f02248693a79dc8b0ebd62c93683888ddaccfe,/mnt/disk1/backup_user/dat.tt2/xuance/external_baselines/dreamerv3-official/paper_artifacts/synthetic_full_v9/runs/matryoshka_only/seed_0/checkpoints/initial.npz,/mnt/disk1/backup_user/dat.tt2/xuance/external_baselines/dreamerv3-official/paper_artifacts/synthetic_full_v9/runs/matryoshka_only/seed_0/checkpoints/step_1.npz;/mnt/disk1/backup_user/dat.tt2/xuance/external_baselines/dreamerv3-official/paper_artifacts/synthetic_full_v9/runs/matryoshka_only/seed_0/checkpoints/step_100.npz;/mnt/disk1/backup_user/dat.tt2/xuance/external_baselines/dreamerv3-official/paper_artifacts/synthetic_full_v9/runs/matryoshka_only/seed_0/checkpoints/step_200.npz,/mnt/disk1/backup_user/dat.tt2/xuance/external_baselines/dreamerv3-official/paper_artifacts/synthetic_full_v9/runs/matryoshka_only/seed_0/checkpoints/final.npz,True,True,True,True,test,250,27.262,pass,
matryoshka_only,1,synthetic_full_v9_matryoshka_only_seed1,5670241265b225d4cdab4e78131192fc24822c8dd4cb5b5617b3364be3dae9eb,0f375f6ed188cc06,e3f02248693a79dc8b0ebd62c93683888ddaccfe,/mnt/disk1/backup_user/dat.tt2/xuance/external_baselines/dreamerv3-official/paper_artifacts/synthetic_full_v9/runs/matryoshka_only/seed_1/checkpoints/initial.npz,/mnt/disk1/backup_user/dat.tt2/xuance/external_baselines/dreamerv3-official/paper_artifacts/synthetic_full_v9/runs/matryoshka_only/seed_1/checkpoints/step_1.npz;/mnt/disk1/backup_user/dat.tt2/xuance/external_baselines/dreamerv3-official/paper_artifacts/synthetic_full_v9/runs/matryoshka_only/seed_1/checkpoints/step_100.npz;/mnt/disk1/backup_user/dat.tt2/xuance/external_baselines/dreamerv3-official/paper_artifacts/synthetic_full_v9/runs/matryoshka_only/seed_1/checkpoints/step_200.npz,/mnt/disk1/backup_user/dat.tt2/xuance/external_baselines/dreamerv3-official/paper_artifacts/synthetic_full_v9/runs/matryoshka_only/seed_1/checkpoints/final.npz,True,True,True,True,test,250,27.937,pass,
matryoshka_only,2,synthetic_full_v9_matryoshka_only_seed2,5670241265b225d4cdab4e78131192fc24822c8dd4cb5b5617b3364be3dae9eb,7676b7d35fdb8143,e3f02248693a79dc8b0ebd62c93683888ddaccfe,/mnt/disk1/backup_user/dat.tt2/xuance/external_baselines/dreamerv3-official/paper_artifacts/synthetic_full_v9/runs/matryoshka_only/seed_2/checkpoints/initial.npz,/mnt/disk1/backup_user/dat.tt2/xuance/external_baselines/dreamerv3-official/paper_artifacts/synthetic_full_v9/runs/matryoshka_only/seed_2/checkpoints/step_1.npz;/mnt/disk1/backup_user/dat.tt2/xuance/external_baselines/dreamerv3-official/paper_artifacts/synthetic_full_v9/runs/matryoshka_only/seed_2/checkpoints/step_100.npz;/mnt/disk1/backup_user/dat.tt2/xuance/external_baselines/dreamerv3-official/paper_artifacts/synthetic_full_v9/runs/matryoshka_only/seed_2/checkpoints/step_200.npz,/mnt/disk1/backup_user/dat.tt2/xuance/external_baselines/dreamerv3-official/paper_artifacts/synthetic_full_v9/runs/matryoshka_only/seed_2/checkpoints/final.npz,True,True,True,True,test,250,27.416,pass,
matryoshka_only,3,synthetic_full_v9_matryoshka_only_seed3,5670241265b225d4cdab4e78131192fc24822c8dd4cb5b5617b3364be3dae9eb,5550944eabfd73d5,e3f02248693a79dc8b0ebd62c93683888ddaccfe,/mnt/disk1/backup_user/dat.tt2/xuance/external_baselines/dreamerv3-official/paper_artifacts/synthetic_full_v9/runs/matryoshka_only/seed_3/checkpoints/initial.npz,/mnt/disk1/backup_user/dat.tt2/xuance/external_baselines/dreamerv3-official/paper_artifacts/synthetic_full_v9/runs/matryoshka_only/seed_3/checkpoints/step_1.npz;/mnt/disk1/backup_user/dat.tt2/xuance/external_baselines/dreamerv3-official/paper_artifacts/synthetic_full_v9/runs/matryoshka_only/seed_3/checkpoints/step_100.npz;/mnt/disk1/backup_user/dat.tt2/xuance/external_baselines/dreamerv3-official/paper_artifacts/synthetic_full_v9/runs/matryoshka_only/seed_3/checkpoints/step_200.npz,/mnt/disk1/backup_user/dat.tt2/xuance/external_baselines/dreamerv3-official/paper_artifacts/synthetic_full_v9/runs/matryoshka_only/seed_3/checkpoints/final.npz,True,True,True,True,test,250,27.487,pass,
matryoshka_only,4,synthetic_full_v9_matryoshka_only_seed4,5670241265b225d4cdab4e78131192fc24822c8dd4cb5b5617b3364be3dae9eb,09ebc25a7e2f381b,e3f02248693a79dc8b0ebd62c93683888ddaccfe,/mnt/disk1/backup_user/dat.tt2/xuance/external_baselines/dreamerv3-official/paper_artifacts/synthetic_full_v9/runs/matryoshka_only/seed_4/checkpoints/initial.npz,/mnt/disk1/backup_user/dat.tt2/xuance/external_baselines/dreamerv3-official/paper_artifacts/synthetic_full_v9/runs/matryoshka_only/seed_4/checkpoints/step_1.npz;/mnt/disk1/backup_user/dat.tt2/xuance/external_baselines/dreamerv3-official/paper_artifacts/synthetic_full_v9/runs/matryoshka_only/seed_4/checkpoints/step_100.npz;/mnt/disk1/backup_user/dat.tt2/xuance/external_baselines/dreamerv3-official/paper_artifacts/synthetic_full_v9/runs/matryoshka_only/seed_4/checkpoints/step_200.npz,/mnt/disk1/backup_user/dat.tt2/xuance/external_baselines/dreamerv3-official/paper_artifacts/synthetic_full_v9/runs/matryoshka_only/seed_4/checkpoints/final.npz,True,True,True,True,test,250,27.247,pass,
dense_multistride_no_sparse,0,synthetic_full_v9_dense_multistride_no_sparse_seed0,5670241265b225d4cdab4e78131192fc24822c8dd4cb5b5617b3364be3dae9eb,03f53e1de94d7206,e3f02248693a79dc8b0ebd62c93683888ddaccfe,/mnt/disk1/backup_user/dat.tt2/xuance/external_baselines/dreamerv3-official/paper_artifacts/synthetic_full_v9/runs/dense_multistride_no_sparse/seed_0/checkpoints/initial.npz,/mnt/disk1/backup_user/dat.tt2/xuance/external_baselines/dreamerv3-official/paper_artifacts/synthetic_full_v9/runs/dense_multistride_no_sparse/seed_0/checkpoints/step_1.npz;/mnt/disk1/backup_user/dat.tt2/xuance/external_baselines/dreamerv3-official/paper_artifacts/synthetic_full_v9/runs/dense_multistride_no_sparse/seed_0/checkpoints/step_100.npz;/mnt/disk1/backup_user/dat.tt2/xuance/external_baselines/dreamerv3-official/paper_artifacts/synthetic_full_v9/runs/dense_multistride_no_sparse/seed_0/checkpoints/step_200.npz,/mnt/disk1/backup_user/dat.tt2/xuance/external_baselines/dreamerv3-official/paper_artifacts/synthetic_full_v9/runs/dense_multistride_no_sparse/seed_0/checkpoints/final.npz,True,True,True,True,test,250,38.445,pass,
dense_multistride_no_sparse,1,synthetic_full_v9_dense_multistride_no_sparse_seed1,5670241265b225d4cdab4e78131192fc24822c8dd4cb5b5617b3364be3dae9eb,720f3270e998ae94,e3f02248693a79dc8b0ebd62c93683888ddaccfe,/mnt/disk1/backup_user/dat.tt2/xuance/external_baselines/dreamerv3-official/paper_artifacts/synthetic_full_v9/runs/dense_multistride_no_sparse/seed_1/checkpoints/initial.npz,/mnt/disk1/backup_user/dat.tt2/xuance/external_baselines/dreamerv3-official/paper_artifacts/synthetic_full_v9/runs/dense_multistride_no_sparse/seed_1/checkpoints/step_1.npz;/mnt/disk1/backup_user/dat.tt2/xuance/external_baselines/dreamerv3-official/paper_artifacts/synthetic_full_v9/runs/dense_multistride_no_sparse/seed_1/checkpoints/step_100.npz;/mnt/disk1/backup_user/dat.tt2/xuance/external_baselines/dreamerv3-official/paper_artifacts/synthetic_full_v9/runs/dense_multistride_no_sparse/seed_1/checkpoints/step_200.npz,/mnt/disk1/backup_user/dat.tt2/xuance/external_baselines/dreamerv3-official/paper_artifacts/synthetic_full_v9/runs/dense_multistride_no_sparse/seed_1/checkpoints/final.npz,True,True,True,True,test,250,35.05,pass,
dense_multistride_no_sparse,2,synthetic_full_v9_dense_multistride_no_sparse_seed2,5670241265b225d4cdab4e78131192fc24822c8dd4cb5b5617b3364be3dae9eb,f45f7a122ae21b9b,e3f02248693a79dc8b0ebd62c93683888ddaccfe,/mnt/disk1/backup_user/dat.tt2/xuance/external_baselines/dreamerv3-official/paper_artifacts/synthetic_full_v9/runs/dense_multistride_no_sparse/seed_2/checkpoints/initial.npz,/mnt/disk1/backup_user/dat.tt2/xuance/external_baselines/dreamerv3-official/paper_artifacts/synthetic_full_v9/runs/dense_multistride_no_sparse/seed_2/checkpoints/step_1.npz;/mnt/disk1/backup_user/dat.tt2/xuance/external_baselines/dreamerv3-official/paper_artifacts/synthetic_full_v9/runs/dense_multistride_no_sparse/seed_2/checkpoints/step_100.npz;/mnt/disk1/backup_user/dat.tt2/xuance/external_baselines/dreamerv3-official/paper_artifacts/synthetic_full_v9/runs/dense_multistride_no_sparse/seed_2/checkpoints/step_200.npz,/mnt/disk1/backup_user/dat.tt2/xuance/external_baselines/dreamerv3-official/paper_artifacts/synthetic_full_v9/runs/dense_multistride_no_sparse/seed_2/checkpoints/final.npz,True,True,True,True,test,250,34.831,pass,
dense_multistride_no_sparse,3,synthetic_full_v9_dense_multistride_no_sparse_seed3,5670241265b225d4cdab4e78131192fc24822c8dd4cb5b5617b3364be3dae9eb,12e84fc5c1366635,e3f02248693a79dc8b0ebd62c93683888ddaccfe,/mnt/disk1/backup_user/dat.tt2/xuance/external_baselines/dreamerv3-official/paper_artifacts/synthetic_full_v9/runs/dense_multistride_no_sparse/seed_3/checkpoints/initial.npz,/mnt/disk1/backup_user/dat.tt2/xuance/external_baselines/dreamerv3-official/paper_artifacts/synthetic_full_v9/runs/dense_multistride_no_sparse/seed_3/checkpoints/step_1.npz;/mnt/disk1/backup_user/dat.tt2/xuance/external_baselines/dreamerv3-official/paper_artifacts/synthetic_full_v9/runs/dense_multistride_no_sparse/seed_3/checkpoints/step_100.npz;/mnt/disk1/backup_user/dat.tt2/xuance/external_baselines/dreamerv3-official/paper_artifacts/synthetic_full_v9/runs/dense_multistride_no_sparse/seed_3/checkpoints/step_200.npz,/mnt/disk1/backup_user/dat.tt2/xuance/external_baselines/dreamerv3-official/paper_artifacts/synthetic_full_v9/runs/dense_multistride_no_sparse/seed_3/checkpoints/final.npz,True,True,True,True,test,250,38.163,pass,
dense_multistride_no_sparse,4,synthetic_full_v9_dense_multistride_no_sparse_seed4,5670241265b225d4cdab4e78131192fc24822c8dd4cb5b5617b3364be3dae9eb,83f0cdc9aaa152ff,e3f02248693a79dc8b0ebd62c93683888ddaccfe,/mnt/disk1/backup_user/dat.tt2/xuance/external_baselines/dreamerv3-official/paper_artifacts/synthetic_full_v9/runs/dense_multistride_no_sparse/seed_4/checkpoints/initial.npz,/mnt/disk1/backup_user/dat.tt2/xuance/external_baselines/dreamerv3-official/paper_artifacts/synthetic_full_v9/runs/dense_multistride_no_sparse/seed_4/checkpoints/step_1.npz;/mnt/disk1/backup_user/dat.tt2/xuance/external_baselines/dreamerv3-official/paper_artifacts/synthetic_full_v9/runs/dense_multistride_no_sparse/seed_4/checkpoints/step_100.npz;/mnt/disk1/backup_user/dat.tt2/xuance/external_baselines/dreamerv3-official/paper_artifacts/synthetic_full_v9/runs/dense_multistride_no_sparse/seed_4/checkpoints/step_200.npz,/mnt/disk1/backup_user/dat.tt2/xuance/external_baselines/dreamerv3-official/paper_artifacts/synthetic_full_v9/runs/dense_multistride_no_sparse/seed_4/checkpoints/final.npz,True,True,True,True,test,250,35.233,pass,
hts_no_temp,0,synthetic_full_v9_hts_no_temp_seed0,5670241265b225d4cdab4e78131192fc24822c8dd4cb5b5617b3364be3dae9eb,62a88942fbdff24a,e3f02248693a79dc8b0ebd62c93683888ddaccfe,/mnt/disk1/backup_user/dat.tt2/xuance/external_baselines/dreamerv3-official/paper_artifacts/synthetic_full_v9/runs/hts_no_temp/seed_0/checkpoints/initial.npz,/mnt/disk1/backup_user/dat.tt2/xuance/external_baselines/dreamerv3-official/paper_artifacts/synthetic_full_v9/runs/hts_no_temp/seed_0/checkpoints/step_1.npz;/mnt/disk1/backup_user/dat.tt2/xuance/external_baselines/dreamerv3-official/paper_artifacts/synthetic_full_v9/runs/hts_no_temp/seed_0/checkpoints/step_100.npz;/mnt/disk1/backup_user/dat.tt2/xuance/external_baselines/dreamerv3-official/paper_artifacts/synthetic_full_v9/runs/hts_no_temp/seed_0/checkpoints/step_200.npz,/mnt/disk1/backup_user/dat.tt2/xuance/external_baselines/dreamerv3-official/paper_artifacts/synthetic_full_v9/runs/hts_no_temp/seed_0/checkpoints/final.npz,True,True,True,True,test,250,37.418,pass,
hts_no_temp,1,synthetic_full_v9_hts_no_temp_seed1,5670241265b225d4cdab4e78131192fc24822c8dd4cb5b5617b3364be3dae9eb,a263659060d75542,e3f02248693a79dc8b0ebd62c93683888ddaccfe,/mnt/disk1/backup_user/dat.tt2/xuance/external_baselines/dreamerv3-official/paper_artifacts/synthetic_full_v9/runs/hts_no_temp/seed_1/checkpoints/initial.npz,/mnt/disk1/backup_user/dat.tt2/xuance/external_baselines/dreamerv3-official/paper_artifacts/synthetic_full_v9/runs/hts_no_temp/seed_1/checkpoints/step_1.npz;/mnt/disk1/backup_user/dat.tt2/xuance/external_baselines/dreamerv3-official/paper_artifacts/synthetic_full_v9/runs/hts_no_temp/seed_1/checkpoints/step_100.npz;/mnt/disk1/backup_user/dat.tt2/xuance/external_baselines/dreamerv3-official/paper_artifacts/synthetic_full_v9/runs/hts_no_temp/seed_1/checkpoints/step_200.npz,/mnt/disk1/backup_user/dat.tt2/xuance/external_baselines/dreamerv3-official/paper_artifacts/synthetic_full_v9/runs/hts_no_temp/seed_1/checkpoints/final.npz,True,True,True,True,test,250,35.488,pass,
hts_no_temp,2,synthetic_full_v9_hts_no_temp_seed2,5670241265b225d4cdab4e78131192fc24822c8dd4cb5b5617b3364be3dae9eb,1ee88e1f5cf0db87,e3f02248693a79dc8b0ebd62c93683888ddaccfe,/mnt/disk1/backup_user/dat.tt2/xuance/external_baselines/dreamerv3-official/paper_artifacts/synthetic_full_v9/runs/hts_no_temp/seed_2/checkpoints/initial.npz,/mnt/disk1/backup_user/dat.tt2/xuance/external_baselines/dreamerv3-official/paper_artifacts/synthetic_full_v9/runs/hts_no_temp/seed_2/checkpoints/step_1.npz;/mnt/disk1/backup_user/dat.tt2/xuance/external_baselines/dreamerv3-official/paper_artifacts/synthetic_full_v9/runs/hts_no_temp/seed_2/checkpoints/step_100.npz;/mnt/disk1/backup_user/dat.tt2/xuance/external_baselines/dreamerv3-official/paper_artifacts/synthetic_full_v9/runs/hts_no_temp/seed_2/checkpoints/step_200.npz,/mnt/disk1/backup_user/dat.tt2/xuance/external_baselines/dreamerv3-official/paper_artifacts/synthetic_full_v9/runs/hts_no_temp/seed_2/checkpoints/final.npz,True,True,True,True,test,250,34.974,pass,
hts_no_temp,3,synthetic_full_v9_hts_no_temp_seed3,5670241265b225d4cdab4e78131192fc24822c8dd4cb5b5617b3364be3dae9eb,9dcd7ba24a5439ca,e3f02248693a79dc8b0ebd62c93683888ddaccfe,/mnt/disk1/backup_user/dat.tt2/xuance/external_baselines/dreamerv3-official/paper_artifacts/synthetic_full_v9/runs/hts_no_temp/seed_3/checkpoints/initial.npz,/mnt/disk1/backup_user/dat.tt2/xuance/external_baselines/dreamerv3-official/paper_artifacts/synthetic_full_v9/runs/hts_no_temp/seed_3/checkpoints/step_1.npz;/mnt/disk1/backup_user/dat.tt2/xuance/external_baselines/dreamerv3-official/paper_artifacts/synthetic_full_v9/runs/hts_no_temp/seed_3/checkpoints/step_100.npz;/mnt/disk1/backup_user/dat.tt2/xuance/external_baselines/dreamerv3-official/paper_artifacts/synthetic_full_v9/runs/hts_no_temp/seed_3/checkpoints/step_200.npz,/mnt/disk1/backup_user/dat.tt2/xuance/external_baselines/dreamerv3-official/paper_artifacts/synthetic_full_v9/runs/hts_no_temp/seed_3/checkpoints/final.npz,True,True,True,True,test,250,36.926,pass,
hts_no_temp,4,synthetic_full_v9_hts_no_temp_seed4,5670241265b225d4cdab4e78131192fc24822c8dd4cb5b5617b3364be3dae9eb,5ddf2e8a9e446399,e3f02248693a79dc8b0ebd62c93683888ddaccfe,/mnt/disk1/backup_user/dat.tt2/xuance/external_baselines/dreamerv3-official/paper_artifacts/synthetic_full_v9/runs/hts_no_temp/seed_4/checkpoints/initial.npz,/mnt/disk1/backup_user/dat.tt2/xuance/external_baselines/dreamerv3-official/paper_artifacts/synthetic_full_v9/runs/hts_no_temp/seed_4/checkpoints/step_1.npz;/mnt/disk1/backup_user/dat.tt2/xuance/external_baselines/dreamerv3-official/paper_artifacts/synthetic_full_v9/runs/hts_no_temp/seed_4/checkpoints/step_100.npz;/mnt/disk1/backup_user/dat.tt2/xuance/external_baselines/dreamerv3-official/paper_artifacts/synthetic_full_v9/runs/hts_no_temp/seed_4/checkpoints/step_200.npz,/mnt/disk1/backup_user/dat.tt2/xuance/external_baselines/dreamerv3-official/paper_artifacts/synthetic_full_v9/runs/hts_no_temp/seed_4/checkpoints/final.npz,True,True,True,True,test,250,36.076,pass,
hts_no_vc,0,synthetic_full_v9_hts_no_vc_seed0,5670241265b225d4cdab4e78131192fc24822c8dd4cb5b5617b3364be3dae9eb,bf280705fb99abd5,e3f02248693a79dc8b0ebd62c93683888ddaccfe,/mnt/disk1/backup_user/dat.tt2/xuance/external_baselines/dreamerv3-official/paper_artifacts/synthetic_full_v9/runs/hts_no_vc/seed_0/checkpoints/initial.npz,/mnt/disk1/backup_user/dat.tt2/xuance/external_baselines/dreamerv3-official/paper_artifacts/synthetic_full_v9/runs/hts_no_vc/seed_0/checkpoints/step_1.npz;/mnt/disk1/backup_user/dat.tt2/xuance/external_baselines/dreamerv3-official/paper_artifacts/synthetic_full_v9/runs/hts_no_vc/seed_0/checkpoints/step_100.npz;/mnt/disk1/backup_user/dat.tt2/xuance/external_baselines/dreamerv3-official/paper_artifacts/synthetic_full_v9/runs/hts_no_vc/seed_0/checkpoints/step_200.npz,/mnt/disk1/backup_user/dat.tt2/xuance/external_baselines/dreamerv3-official/paper_artifacts/synthetic_full_v9/runs/hts_no_vc/seed_0/checkpoints/final.npz,True,True,True,True,test,250,35.014,pass,
hts_no_vc,1,synthetic_full_v9_hts_no_vc_seed1,5670241265b225d4cdab4e78131192fc24822c8dd4cb5b5617b3364be3dae9eb,338e9914bdae09d7,e3f02248693a79dc8b0ebd62c93683888ddaccfe,/mnt/disk1/backup_user/dat.tt2/xuance/external_baselines/dreamerv3-official/paper_artifacts/synthetic_full_v9/runs/hts_no_vc/seed_1/checkpoints/initial.npz,/mnt/disk1/backup_user/dat.tt2/xuance/external_baselines/dreamerv3-official/paper_artifacts/synthetic_full_v9/runs/hts_no_vc/seed_1/checkpoints/step_1.npz;/mnt/disk1/backup_user/dat.tt2/xuance/external_baselines/dreamerv3-official/paper_artifacts/synthetic_full_v9/runs/hts_no_vc/seed_1/checkpoints/step_100.npz;/mnt/disk1/backup_user/dat.tt2/xuance/external_baselines/dreamerv3-official/paper_artifacts/synthetic_full_v9/runs/hts_no_vc/seed_1/checkpoints/step_200.npz,/mnt/disk1/backup_user/dat.tt2/xuance/external_baselines/dreamerv3-official/paper_artifacts/synthetic_full_v9/runs/hts_no_vc/seed_1/checkpoints/final.npz,True,True,True,True,test,250,34.522,pass,
hts_no_vc,2,synthetic_full_v9_hts_no_vc_seed2,5670241265b225d4cdab4e78131192fc24822c8dd4cb5b5617b3364be3dae9eb,616d79f2123b75c5,e3f02248693a79dc8b0ebd62c93683888ddaccfe,/mnt/disk1/backup_user/dat.tt2/xuance/external_baselines/dreamerv3-official/paper_artifacts/synthetic_full_v9/runs/hts_no_vc/seed_2/checkpoints/initial.npz,/mnt/disk1/backup_user/dat.tt2/xuance/external_baselines/dreamerv3-official/paper_artifacts/synthetic_full_v9/runs/hts_no_vc/seed_2/checkpoints/step_1.npz;/mnt/disk1/backup_user/dat.tt2/xuance/external_baselines/dreamerv3-official/paper_artifacts/synthetic_full_v9/runs/hts_no_vc/seed_2/checkpoints/step_100.npz;/mnt/disk1/backup_user/dat.tt2/xuance/external_baselines/dreamerv3-official/paper_artifacts/synthetic_full_v9/runs/hts_no_vc/seed_2/checkpoints/step_200.npz,/mnt/disk1/backup_user/dat.tt2/xuance/external_baselines/dreamerv3-official/paper_artifacts/synthetic_full_v9/runs/hts_no_vc/seed_2/checkpoints/final.npz,True,True,True,True,test,250,34.47,pass,
hts_no_vc,3,synthetic_full_v9_hts_no_vc_seed3,5670241265b225d4cdab4e78131192fc24822c8dd4cb5b5617b3364be3dae9eb,ca2501bae40bc0c7,e3f02248693a79dc8b0ebd62c93683888ddaccfe,/mnt/disk1/backup_user/dat.tt2/xuance/external_baselines/dreamerv3-official/paper_artifacts/synthetic_full_v9/runs/hts_no_vc/seed_3/checkpoints/initial.npz,/mnt/disk1/backup_user/dat.tt2/xuance/external_baselines/dreamerv3-official/paper_artifacts/synthetic_full_v9/runs/hts_no_vc/seed_3/checkpoints/step_1.npz;/mnt/disk1/backup_user/dat.tt2/xuance/external_baselines/dreamerv3-official/paper_artifacts/synthetic_full_v9/runs/hts_no_vc/seed_3/checkpoints/step_100.npz;/mnt/disk1/backup_user/dat.tt2/xuance/external_baselines/dreamerv3-official/paper_artifacts/synthetic_full_v9/runs/hts_no_vc/seed_3/checkpoints/step_200.npz,/mnt/disk1/backup_user/dat.tt2/xuance/external_baselines/dreamerv3-official/paper_artifacts/synthetic_full_v9/runs/hts_no_vc/seed_3/checkpoints/final.npz,True,True,True,True,test,250,35.191,pass,
hts_no_vc,4,synthetic_full_v9_hts_no_vc_seed4,5670241265b225d4cdab4e78131192fc24822c8dd4cb5b5617b3364be3dae9eb,5ed97c3e2aab310b,e3f02248693a79dc8b0ebd62c93683888ddaccfe,/mnt/disk1/backup_user/dat.tt2/xuance/external_baselines/dreamerv3-official/paper_artifacts/synthetic_full_v9/runs/hts_no_vc/seed_4/checkpoints/initial.npz,/mnt/disk1/backup_user/dat.tt2/xuance/external_baselines/dreamerv3-official/paper_artifacts/synthetic_full_v9/runs/hts_no_vc/seed_4/checkpoints/step_1.npz;/mnt/disk1/backup_user/dat.tt2/xuance/external_baselines/dreamerv3-official/paper_artifacts/synthetic_full_v9/runs/hts_no_vc/seed_4/checkpoints/step_100.npz;/mnt/disk1/backup_user/dat.tt2/xuance/external_baselines/dreamerv3-official/paper_artifacts/synthetic_full_v9/runs/hts_no_vc/seed_4/checkpoints/step_200.npz,/mnt/disk1/backup_user/dat.tt2/xuance/external_baselines/dreamerv3-official/paper_artifacts/synthetic_full_v9/runs/hts_no_vc/seed_4/checkpoints/final.npz,True,True,True,True,test,250,34.653,pass,
hts_no_hier,0,synthetic_full_v9_hts_no_hier_seed0,5670241265b225d4cdab4e78131192fc24822c8dd4cb5b5617b3364be3dae9eb,e51ecfc000e9669b,e3f02248693a79dc8b0ebd62c93683888ddaccfe,/mnt/disk1/backup_user/dat.tt2/xuance/external_baselines/dreamerv3-official/paper_artifacts/synthetic_full_v9/runs/hts_no_hier/seed_0/checkpoints/initial.npz,/mnt/disk1/backup_user/dat.tt2/xuance/external_baselines/dreamerv3-official/paper_artifacts/synthetic_full_v9/runs/hts_no_hier/seed_0/checkpoints/step_1.npz;/mnt/disk1/backup_user/dat.tt2/xuance/external_baselines/dreamerv3-official/paper_artifacts/synthetic_full_v9/runs/hts_no_hier/seed_0/checkpoints/step_100.npz;/mnt/disk1/backup_user/dat.tt2/xuance/external_baselines/dreamerv3-official/paper_artifacts/synthetic_full_v9/runs/hts_no_hier/seed_0/checkpoints/step_200.npz,/mnt/disk1/backup_user/dat.tt2/xuance/external_baselines/dreamerv3-official/paper_artifacts/synthetic_full_v9/runs/hts_no_hier/seed_0/checkpoints/final.npz,True,True,True,True,test,250,32.689,pass,
hts_no_hier,1,synthetic_full_v9_hts_no_hier_seed1,5670241265b225d4cdab4e78131192fc24822c8dd4cb5b5617b3364be3dae9eb,48523ed2bc883139,e3f02248693a79dc8b0ebd62c93683888ddaccfe,/mnt/disk1/backup_user/dat.tt2/xuance/external_baselines/dreamerv3-official/paper_artifacts/synthetic_full_v9/runs/hts_no_hier/seed_1/checkpoints/initial.npz,/mnt/disk1/backup_user/dat.tt2/xuance/external_baselines/dreamerv3-official/paper_artifacts/synthetic_full_v9/runs/hts_no_hier/seed_1/checkpoints/step_1.npz;/mnt/disk1/backup_user/dat.tt2/xuance/external_baselines/dreamerv3-official/paper_artifacts/synthetic_full_v9/runs/hts_no_hier/seed_1/checkpoints/step_100.npz;/mnt/disk1/backup_user/dat.tt2/xuance/external_baselines/dreamerv3-official/paper_artifacts/synthetic_full_v9/runs/hts_no_hier/seed_1/checkpoints/step_200.npz,/mnt/disk1/backup_user/dat.tt2/xuance/external_baselines/dreamerv3-official/paper_artifacts/synthetic_full_v9/runs/hts_no_hier/seed_1/checkpoints/final.npz,True,True,True,True,test,250,33.364,pass,
hts_no_hier,2,synthetic_full_v9_hts_no_hier_seed2,5670241265b225d4cdab4e78131192fc24822c8dd4cb5b5617b3364be3dae9eb,e5b2e5276b196efb,e3f02248693a79dc8b0ebd62c93683888ddaccfe,/mnt/disk1/backup_user/dat.tt2/xuance/external_baselines/dreamerv3-official/paper_artifacts/synthetic_full_v9/runs/hts_no_hier/seed_2/checkpoints/initial.npz,/mnt/disk1/backup_user/dat.tt2/xuance/external_baselines/dreamerv3-official/paper_artifacts/synthetic_full_v9/runs/hts_no_hier/seed_2/checkpoints/step_1.npz;/mnt/disk1/backup_user/dat.tt2/xuance/external_baselines/dreamerv3-official/paper_artifacts/synthetic_full_v9/runs/hts_no_hier/seed_2/checkpoints/step_100.npz;/mnt/disk1/backup_user/dat.tt2/xuance/external_baselines/dreamerv3-official/paper_artifacts/synthetic_full_v9/runs/hts_no_hier/seed_2/checkpoints/step_200.npz,/mnt/disk1/backup_user/dat.tt2/xuance/external_baselines/dreamerv3-official/paper_artifacts/synthetic_full_v9/runs/hts_no_hier/seed_2/checkpoints/final.npz,True,True,True,True,test,250,33.389,pass,
hts_no_hier,3,synthetic_full_v9_hts_no_hier_seed3,5670241265b225d4cdab4e78131192fc24822c8dd4cb5b5617b3364be3dae9eb,77eb5ce7ae339e58,e3f02248693a79dc8b0ebd62c93683888ddaccfe,/mnt/disk1/backup_user/dat.tt2/xuance/external_baselines/dreamerv3-official/paper_artifacts/synthetic_full_v9/runs/hts_no_hier/seed_3/checkpoints/initial.npz,/mnt/disk1/backup_user/dat.tt2/xuance/external_baselines/dreamerv3-official/paper_artifacts/synthetic_full_v9/runs/hts_no_hier/seed_3/checkpoints/step_1.npz;/mnt/disk1/backup_user/dat.tt2/xuance/external_baselines/dreamerv3-official/paper_artifacts/synthetic_full_v9/runs/hts_no_hier/seed_3/checkpoints/step_100.npz;/mnt/disk1/backup_user/dat.tt2/xuance/external_baselines/dreamerv3-official/paper_artifacts/synthetic_full_v9/runs/hts_no_hier/seed_3/checkpoints/step_200.npz,/mnt/disk1/backup_user/dat.tt2/xuance/external_baselines/dreamerv3-official/paper_artifacts/synthetic_full_v9/runs/hts_no_hier/seed_3/checkpoints/final.npz,True,True,True,True,test,250,33.445,pass,
hts_no_hier,4,synthetic_full_v9_hts_no_hier_seed4,5670241265b225d4cdab4e78131192fc24822c8dd4cb5b5617b3364be3dae9eb,758a6c97fa7b60da,e3f02248693a79dc8b0ebd62c93683888ddaccfe,/mnt/disk1/backup_user/dat.tt2/xuance/external_baselines/dreamerv3-official/paper_artifacts/synthetic_full_v9/runs/hts_no_hier/seed_4/checkpoints/initial.npz,/mnt/disk1/backup_user/dat.tt2/xuance/external_baselines/dreamerv3-official/paper_artifacts/synthetic_full_v9/runs/hts_no_hier/seed_4/checkpoints/step_1.npz;/mnt/disk1/backup_user/dat.tt2/xuance/external_baselines/dreamerv3-official/paper_artifacts/synthetic_full_v9/runs/hts_no_hier/seed_4/checkpoints/step_100.npz;/mnt/disk1/backup_user/dat.tt2/xuance/external_baselines/dreamerv3-official/paper_artifacts/synthetic_full_v9/runs/hts_no_hier/seed_4/checkpoints/step_200.npz,/mnt/disk1/backup_user/dat.tt2/xuance/external_baselines/dreamerv3-official/paper_artifacts/synthetic_full_v9/runs/hts_no_hier/seed_4/checkpoints/final.npz,True,True,True,True,test,250,30.923,pass,
hts_no_sdyn,0,synthetic_full_v9_hts_no_sdyn_seed0,5670241265b225d4cdab4e78131192fc24822c8dd4cb5b5617b3364be3dae9eb,d58e6f5416a76787,e3f02248693a79dc8b0ebd62c93683888ddaccfe,/mnt/disk1/backup_user/dat.tt2/xuance/external_baselines/dreamerv3-official/paper_artifacts/synthetic_full_v9/runs/hts_no_sdyn/seed_0/checkpoints/initial.npz,/mnt/disk1/backup_user/dat.tt2/xuance/external_baselines/dreamerv3-official/paper_artifacts/synthetic_full_v9/runs/hts_no_sdyn/seed_0/checkpoints/step_1.npz;/mnt/disk1/backup_user/dat.tt2/xuance/external_baselines/dreamerv3-official/paper_artifacts/synthetic_full_v9/runs/hts_no_sdyn/seed_0/checkpoints/step_100.npz;/mnt/disk1/backup_user/dat.tt2/xuance/external_baselines/dreamerv3-official/paper_artifacts/synthetic_full_v9/runs/hts_no_sdyn/seed_0/checkpoints/step_200.npz,/mnt/disk1/backup_user/dat.tt2/xuance/external_baselines/dreamerv3-official/paper_artifacts/synthetic_full_v9/runs/hts_no_sdyn/seed_0/checkpoints/final.npz,True,True,True,True,test,250,30.469,pass,
hts_no_sdyn,1,synthetic_full_v9_hts_no_sdyn_seed1,5670241265b225d4cdab4e78131192fc24822c8dd4cb5b5617b3364be3dae9eb,7b1c544966914f3c,e3f02248693a79dc8b0ebd62c93683888ddaccfe,/mnt/disk1/backup_user/dat.tt2/xuance/external_baselines/dreamerv3-official/paper_artifacts/synthetic_full_v9/runs/hts_no_sdyn/seed_1/checkpoints/initial.npz,/mnt/disk1/backup_user/dat.tt2/xuance/external_baselines/dreamerv3-official/paper_artifacts/synthetic_full_v9/runs/hts_no_sdyn/seed_1/checkpoints/step_1.npz;/mnt/disk1/backup_user/dat.tt2/xuance/external_baselines/dreamerv3-official/paper_artifacts/synthetic_full_v9/runs/hts_no_sdyn/seed_1/checkpoints/step_100.npz;/mnt/disk1/backup_user/dat.tt2/xuance/external_baselines/dreamerv3-official/paper_artifacts/synthetic_full_v9/runs/hts_no_sdyn/seed_1/checkpoints/step_200.npz,/mnt/disk1/backup_user/dat.tt2/xuance/external_baselines/dreamerv3-official/paper_artifacts/synthetic_full_v9/runs/hts_no_sdyn/seed_1/checkpoints/final.npz,True,True,True,True,test,250,29.415,pass,
hts_no_sdyn,2,synthetic_full_v9_hts_no_sdyn_seed2,5670241265b225d4cdab4e78131192fc24822c8dd4cb5b5617b3364be3dae9eb,3b2f2f21c7d4b819,e3f02248693a79dc8b0ebd62c93683888ddaccfe,/mnt/disk1/backup_user/dat.tt2/xuance/external_baselines/dreamerv3-official/paper_artifacts/synthetic_full_v9/runs/hts_no_sdyn/seed_2/checkpoints/initial.npz,/mnt/disk1/backup_user/dat.tt2/xuance/external_baselines/dreamerv3-official/paper_artifacts/synthetic_full_v9/runs/hts_no_sdyn/seed_2/checkpoints/step_1.npz;/mnt/disk1/backup_user/dat.tt2/xuance/external_baselines/dreamerv3-official/paper_artifacts/synthetic_full_v9/runs/hts_no_sdyn/seed_2/checkpoints/step_100.npz;/mnt/disk1/backup_user/dat.tt2/xuance/external_baselines/dreamerv3-official/paper_artifacts/synthetic_full_v9/runs/hts_no_sdyn/seed_2/checkpoints/step_200.npz,/mnt/disk1/backup_user/dat.tt2/xuance/external_baselines/dreamerv3-official/paper_artifacts/synthetic_full_v9/runs/hts_no_sdyn/seed_2/checkpoints/final.npz,True,True,True,True,test,250,30.226,pass,
hts_no_sdyn,3,synthetic_full_v9_hts_no_sdyn_seed3,5670241265b225d4cdab4e78131192fc24822c8dd4cb5b5617b3364be3dae9eb,73377476a3f567e0,e3f02248693a79dc8b0ebd62c93683888ddaccfe,/mnt/disk1/backup_user/dat.tt2/xuance/external_baselines/dreamerv3-official/paper_artifacts/synthetic_full_v9/runs/hts_no_sdyn/seed_3/checkpoints/initial.npz,/mnt/disk1/backup_user/dat.tt2/xuance/external_baselines/dreamerv3-official/paper_artifacts/synthetic_full_v9/runs/hts_no_sdyn/seed_3/checkpoints/step_1.npz;/mnt/disk1/backup_user/dat.tt2/xuance/external_baselines/dreamerv3-official/paper_artifacts/synthetic_full_v9/runs/hts_no_sdyn/seed_3/checkpoints/step_100.npz;/mnt/disk1/backup_user/dat.tt2/xuance/external_baselines/dreamerv3-official/paper_artifacts/synthetic_full_v9/runs/hts_no_sdyn/seed_3/checkpoints/step_200.npz,/mnt/disk1/backup_user/dat.tt2/xuance/external_baselines/dreamerv3-official/paper_artifacts/synthetic_full_v9/runs/hts_no_sdyn/seed_3/checkpoints/final.npz,True,True,True,True,test,250,29.225,pass,
hts_no_sdyn,4,synthetic_full_v9_hts_no_sdyn_seed4,5670241265b225d4cdab4e78131192fc24822c8dd4cb5b5617b3364be3dae9eb,ff1ec9da99ff520f,e3f02248693a79dc8b0ebd62c93683888ddaccfe,/mnt/disk1/backup_user/dat.tt2/xuance/external_baselines/dreamerv3-official/paper_artifacts/synthetic_full_v9/runs/hts_no_sdyn/seed_4/checkpoints/initial.npz,/mnt/disk1/backup_user/dat.tt2/xuance/external_baselines/dreamerv3-official/paper_artifacts/synthetic_full_v9/runs/hts_no_sdyn/seed_4/checkpoints/step_1.npz;/mnt/disk1/backup_user/dat.tt2/xuance/external_baselines/dreamerv3-official/paper_artifacts/synthetic_full_v9/runs/hts_no_sdyn/seed_4/checkpoints/step_100.npz;/mnt/disk1/backup_user/dat.tt2/xuance/external_baselines/dreamerv3-official/paper_artifacts/synthetic_full_v9/runs/hts_no_sdyn/seed_4/checkpoints/step_200.npz,/mnt/disk1/backup_user/dat.tt2/xuance/external_baselines/dreamerv3-official/paper_artifacts/synthetic_full_v9/runs/hts_no_sdyn/seed_4/checkpoints/final.npz,True,True,True,True,test,250,30.751,pass,
