auc_20bin_mean,best_bin_score,completed,episode_score_rows,final_20pct_mean,final_bin_mean,game,latest_episode_score,latest_raw_frames,logdir,method,metric_source_files,run_dir,seed,selected,selected_run_dir,selection_reason
512.9079365079365,1093.3333333333333,True,159,772.6190476190475,737.1428571428571,alien,1080.0,437828.0,/mnt/disk1/backup_user/dat.tt2/xuance/logs/external_baselines/dreamerv3_official/full26_size12m/alien/seed_0,DreamerV3,/mnt/disk1/backup_user/dat.tt2/xuance/logs/external_baselines/dreamerv3_official/full26_size12m/alien/seed_0/scores.jsonl,seed_0,0,True,seed_0,completed_original_preferred
521.9378246753247,825.7142857142857,True,181,719.5982142857143,721.4285714285714,alien,720.0,438808.0,/mnt/disk1/backup_user/dat.tt2/xuance/logs/external_baselines/dreamerv3_official/full26_size12m/alien/seed_1,DreamerV3,/mnt/disk1/backup_user/dat.tt2/xuance/logs/external_baselines/dreamerv3_official/full26_size12m/alien/seed_1/scores.jsonl,seed_1,1,True,seed_1,completed_original_preferred
674.9424603174604,1648.3333333333333,True,160,916.1111111111112,993.3333333333334,alien,880.0,437140.0,/mnt/disk1/backup_user/dat.tt2/xuance/logs/external_baselines/dreamerv3_official/full26_size12m/alien/seed_2,DreamerV3,/mnt/disk1/backup_user/dat.tt2/xuance/logs/external_baselines/dreamerv3_official/full26_size12m/alien/seed_2/scores.jsonl,seed_2,2,True,seed_2,completed_original_preferred
438.64087301587296,665.7142857142857,True,171,599.7271825396825,608.75,alien,600.0,436412.0,/mnt/disk1/backup_user/dat.tt2/xuance/logs/external_baselines/dreamerv3_official/full26_size12m/alien/seed_3,DreamerV3,/mnt/disk1/backup_user/dat.tt2/xuance/logs/external_baselines/dreamerv3_official/full26_size12m/alien/seed_3/scores.jsonl,seed_3,3,True,seed_3,completed_original_preferred
657.5873015873016,1352.857142857143,True,148,1015.4166666666667,1352.857142857143,alien,2280.0,439220.0,/mnt/disk1/backup_user/dat.tt2/xuance/logs/external_baselines/dreamerv3_official/full26_size12m/alien/seed_4,DreamerV3,/mnt/disk1/backup_user/dat.tt2/xuance/logs/external_baselines/dreamerv3_official/full26_size12m/alien/seed_4/scores.jsonl,seed_4,4,True,seed_4,completed_original_preferred
105.72680555555556,171.71428571428572,True,156,155.10267857142856,171.71428571428572,amidar,171.0,439020.0,/mnt/disk1/backup_user/dat.tt2/xuance/logs/external_baselines/dreamerv3_official/full26_size12m/amidar/seed_0,DreamerV3,/mnt/disk1/backup_user/dat.tt2/xuance/logs/external_baselines/dreamerv3_official/full26_size12m/amidar/seed_0/scores.jsonl,seed_0,0,True,seed_0,completed_original_preferred
69.0297619047619,132.83333333333334,True,154,111.07142857142858,108.42857142857143,amidar,94.0,437276.0,/mnt/disk1/backup_user/dat.tt2/xuance/logs/external_baselines/dreamerv3_official/full26_size12m/amidar/seed_1,DreamerV3,/mnt/disk1/backup_user/dat.tt2/xuance/logs/external_baselines/dreamerv3_official/full26_size12m/amidar/seed_1/scores.jsonl,seed_1,1,True,seed_1,completed_original_preferred
55.54090728715729,102.0,True,176,81.34027777777777,102.0,amidar,127.0,439120.0,/mnt/disk1/backup_user/dat.tt2/xuance/logs/external_baselines/dreamerv3_official/full26_size12m/amidar/seed_2,DreamerV3,/mnt/disk1/backup_user/dat.tt2/xuance/logs/external_baselines/dreamerv3_official/full26_size12m/amidar/seed_2/scores.jsonl,seed_2,2,True,seed_2,completed_original_preferred
65.03859126984126,102.85714285714286,True,161,95.8452380952381,101.66666666666667,amidar,150.0,438988.0,/mnt/disk1/backup_user/dat.tt2/xuance/logs/external_baselines/dreamerv3_official/full26_size12m/amidar/seed_3,DreamerV3,/mnt/disk1/backup_user/dat.tt2/xuance/logs/external_baselines/dreamerv3_official/full26_size12m/amidar/seed_3/scores.jsonl,seed_3,3,True,seed_3,completed_original_preferred
70.55307539682539,149.14285714285714,True,169,129.4375,104.0,amidar,51.0,439916.0,/mnt/disk1/backup_user/dat.tt2/xuance/logs/external_baselines/dreamerv3_official/full26_size12m/amidar/seed_4,DreamerV3,/mnt/disk1/backup_user/dat.tt2/xuance/logs/external_baselines/dreamerv3_official/full26_size12m/amidar/seed_4/scores.jsonl,seed_4,4,True,seed_4,completed_original_preferred
499.32624999999996,675.5,True,121,608.0,595.0,assault,462.0,438968.0,/mnt/disk1/backup_user/dat.tt2/xuance/logs/external_baselines/dreamerv3_official/full26_size12m/assault/seed_0,DreamerV3,/mnt/disk1/backup_user/dat.tt2/xuance/logs/external_baselines/dreamerv3_official/full26_size12m/assault/seed_0/scores.jsonl,seed_0,0,True,seed_0,completed_original_preferred
536.7416071428572,669.25,True,123,603.3892857142857,599.8571428571429,assault,651.0,438012.0,/mnt/disk1/backup_user/dat.tt2/xuance/logs/external_baselines/dreamerv3_official/full26_size12m/assault/seed_1,DreamerV3,/mnt/disk1/backup_user/dat.tt2/xuance/logs/external_baselines/dreamerv3_official/full26_size12m/assault/seed_1/scores.jsonl,seed_1,1,True,seed_1,completed_original_preferred
549.05375,701.2,True,110,646.05,630.0,assault,693.0,437284.0,/mnt/disk1/backup_user/dat.tt2/xuance/logs/external_baselines/dreamerv3_official/full26_size12m/assault/seed_2,DreamerV3,/mnt/disk1/backup_user/dat.tt2/xuance/logs/external_baselines/dreamerv3_official/full26_size12m/assault/seed_2/scores.jsonl,seed_2,2,True,seed_2,completed_original_preferred
514.7372023809523,726.2,True,118,620.7071428571428,623.4,assault,703.0,436148.0,/mnt/disk1/backup_user/dat.tt2/xuance/logs/external_baselines/dreamerv3_official/full26_size12m/assault/seed_3,DreamerV3,/mnt/disk1/backup_user/dat.tt2/xuance/logs/external_baselines/dreamerv3_official/full26_size12m/assault/seed_3/scores.jsonl,seed_3,3,True,seed_3,completed_original_preferred
496.12106060606055,680.4,True,139,637.6416666666667,670.1666666666666,assault,483.0,437380.0,/mnt/disk1/backup_user/dat.tt2/xuance/logs/external_baselines/dreamerv3_official/full26_size12m/assault/seed_4,DreamerV3,/mnt/disk1/backup_user/dat.tt2/xuance/logs/external_baselines/dreamerv3_official/full26_size12m/assault/seed_4/scores.jsonl,seed_4,4,True,seed_4,completed_original_preferred
424.0090803804039,736.3636363636364,True,306,537.9411764705883,580.0,asterix,600.0,438840.0,/mnt/disk1/backup_user/dat.tt2/xuance/logs/external_baselines/dreamerv3_official/full26_size12m/asterix/seed_0,DreamerV3,/mnt/disk1/backup_user/dat.tt2/xuance/logs/external_baselines/dreamerv3_official/full26_size12m/asterix/seed_0/scores.jsonl,seed_0,0,True,seed_0,completed_original_preferred
425.9510819847507,690.0,True,301,634.9198717948718,630.7692307692307,asterix,800.0,439008.0,/mnt/disk1/backup_user/dat.tt2/xuance/logs/external_baselines/dreamerv3_official/full26_size12m/asterix/seed_1,DreamerV3,/mnt/disk1/backup_user/dat.tt2/xuance/logs/external_baselines/dreamerv3_official/full26_size12m/asterix/seed_1/scores.jsonl,seed_1,1,True,seed_1,completed_original_preferred
317.89887821157174,405.55555555555554,True,358,379.39950980392155,402.77777777777777,asterix,300.0,438740.0,/mnt/disk1/backup_user/dat.tt2/xuance/logs/external_baselines/dreamerv3_official/full26_size12m/asterix/seed_2,DreamerV3,/mnt/disk1/backup_user/dat.tt2/xuance/logs/external_baselines/dreamerv3_official/full26_size12m/asterix/seed_2/scores.jsonl,seed_2,2,True,seed_2,completed_original_preferred
420.0509229332759,630.0,True,260,592.0787545787546,623.0769230769231,asterix,700.0,438364.0,/mnt/disk1/backup_user/dat.tt2/xuance/logs/external_baselines/dreamerv3_official/full26_size12m/asterix/seed_3,DreamerV3,/mnt/disk1/backup_user/dat.tt2/xuance/logs/external_baselines/dreamerv3_official/full26_size12m/asterix/seed_3/scores.jsonl,seed_3,3,True,seed_3,completed_original_preferred
435.4859966422467,634.375,True,333,586.71875,634.375,asterix,850.0,439788.0,/mnt/disk1/backup_user/dat.tt2/xuance/logs/external_baselines/dreamerv3_official/full26_size12m/asterix/seed_4,DreamerV3,/mnt/disk1/backup_user/dat.tt2/xuance/logs/external_baselines/dreamerv3_official/full26_size12m/asterix/seed_4/scores.jsonl,seed_4,4,True,seed_4,completed_original_preferred
23.816612554112556,42.0,True,184,34.75,42.0,bank_heist,30.0,439496.0,/mnt/disk1/backup_user/dat.tt2/xuance/logs/external_baselines/dreamerv3_official/full26_size12m/bank_heist/seed_0,DreamerV3,/mnt/disk1/backup_user/dat.tt2/xuance/logs/external_baselines/dreamerv3_official/full26_size12m/bank_heist/seed_0/scores.jsonl,seed_0,0,True,seed_0,completed_original_preferred
40.3734126984127,73.75,True,175,65.0,73.75,bank_heist,80.0,439468.0,/mnt/disk1/backup_user/dat.tt2/xuance/logs/external_baselines/dreamerv3_official/full26_size12m/bank_heist/seed_1,DreamerV3,/mnt/disk1/backup_user/dat.tt2/xuance/logs/external_baselines/dreamerv3_official/full26_size12m/bank_heist/seed_1/scores.jsonl,seed_1,1,True,seed_1,completed_original_preferred
25.660804473304474,45.55555555555556,True,173,37.41666666666667,33.0,bank_heist,40.0,438756.0,/mnt/disk1/backup_user/dat.tt2/xuance/logs/external_baselines/dreamerv3_official/full26_size12m/bank_heist/seed_2,DreamerV3,/mnt/disk1/backup_user/dat.tt2/xuance/logs/external_baselines/dreamerv3_official/full26_size12m/bank_heist/seed_2/scores.jsonl,seed_2,2,True,seed_2,completed_original_preferred
29.400378787878786,54.44444444444444,True,186,45.52777777777777,41.0,bank_heist,40.0,438444.0,/mnt/disk1/backup_user/dat.tt2/xuance/logs/external_baselines/dreamerv3_official/full26_size12m/bank_heist/seed_3,DreamerV3,/mnt/disk1/backup_user/dat.tt2/xuance/logs/external_baselines/dreamerv3_official/full26_size12m/bank_heist/seed_3/scores.jsonl,seed_3,3,True,seed_3,completed_original_preferred
39.21488095238095,78.75,True,168,50.948412698412696,43.0,bank_heist,40.0,438340.0,/mnt/disk1/backup_user/dat.tt2/xuance/logs/external_baselines/dreamerv3_official/full26_size12m/bank_heist/seed_4,DreamerV3,/mnt/disk1/backup_user/dat.tt2/xuance/logs/external_baselines/dreamerv3_official/full26_size12m/bank_heist/seed_4/scores.jsonl,seed_4,4,True,seed_4,completed_original_preferred
4173.214285714286,13500.0,True,84,10187.5,13500.0,battle_zone,13000.0,439992.0,/mnt/disk1/backup_user/dat.tt2/xuance/logs/external_baselines/dreamerv3_official/full26_size12m/battle_zone/seed_0,DreamerV3,/mnt/disk1/backup_user/dat.tt2/xuance/logs/external_baselines/dreamerv3_official/full26_size12m/battle_zone/seed_0/scores.jsonl,seed_0,0,True,seed_0,completed_original_preferred
5903.333333333334,17000.0,True,71,12500.0,12000.0,battle_zone,10000.0,435656.0,/mnt/disk1/backup_user/dat.tt2/xuance/logs/external_baselines/dreamerv3_official/full26_size12m/battle_zone/seed_1,DreamerV3,/mnt/disk1/backup_user/dat.tt2/xuance/logs/external_baselines/dreamerv3_official/full26_size12m/battle_zone/seed_1/scores.jsonl,seed_1,1,True,seed_1,completed_original_preferred
5658.333333333333,13500.0,True,81,10750.0,13500.0,battle_zone,11000.0,436804.0,/mnt/disk1/backup_user/dat.tt2/xuance/logs/external_baselines/dreamerv3_official/full26_size12m/battle_zone/seed_2,DreamerV3,/mnt/disk1/backup_user/dat.tt2/xuance/logs/external_baselines/dreamerv3_official/full26_size12m/battle_zone/seed_2/scores.jsonl,seed_2,2,True,seed_2,completed_original_preferred
5687.5,18000.0,True,79,12687.5,13666.666666666666,battle_zone,6000.0,438780.0,/mnt/disk1/backup_user/dat.tt2/xuance/logs/external_baselines/dreamerv3_official/full26_size12m/battle_zone/seed_3,DreamerV3,/mnt/disk1/backup_user/dat.tt2/xuance/logs/external_baselines/dreamerv3_official/full26_size12m/battle_zone/seed_3/scores.jsonl,seed_3,3,True,seed_3,completed_original_preferred
5620.833333333334,13750.0,True,81,11041.666666666666,8750.0,battle_zone,9000.0,436668.0,/mnt/disk1/backup_user/dat.tt2/xuance/logs/external_baselines/dreamerv3_official/full26_size12m/battle_zone/seed_4,DreamerV3,/mnt/disk1/backup_user/dat.tt2/xuance/logs/external_baselines/dreamerv3_official/full26_size12m/battle_zone/seed_4/scores.jsonl,seed_4,4,True,seed_4,completed_original_preferred
47.30416666666667,83.8,True,84,81.46666666666667,82.16666666666667,boxing,79.0,437516.0,/mnt/disk1/backup_user/dat.tt2/xuance/logs/external_baselines/dreamerv3_official/full26_size12m/boxing/seed_0,DreamerV3,/mnt/disk1/backup_user/dat.tt2/xuance/logs/external_baselines/dreamerv3_official/full26_size12m/boxing/seed_0/scores.jsonl,seed_0,0,True,seed_0,completed_original_preferred
45.52083333333333,71.66666666666667,True,62,65.70833333333334,63.5,boxing,64.0,439088.0,/mnt/disk1/backup_user/dat.tt2/xuance/logs/external_baselines/dreamerv3_official/full26_size12m/boxing/seed_1,DreamerV3,/mnt/disk1/backup_user/dat.tt2/xuance/logs/external_baselines/dreamerv3_official/full26_size12m/boxing/seed_1/scores.jsonl,seed_1,1,True,seed_1,completed_original_preferred
51.320833333333326,75.75,True,64,70.64583333333334,75.75,boxing,77.0,439316.0,/mnt/disk1/backup_user/dat.tt2/xuance/logs/external_baselines/dreamerv3_official/full26_size12m/boxing/seed_2,DreamerV3,/mnt/disk1/backup_user/dat.tt2/xuance/logs/external_baselines/dreamerv3_official/full26_size12m/boxing/seed_2/scores.jsonl,seed_2,2,True,seed_2,completed_original_preferred
45.48430735930735,84.36363636363636,True,121,78.70757575757575,81.0,boxing,74.0,438636.0,/mnt/disk1/backup_user/dat.tt2/xuance/logs/external_baselines/dreamerv3_official/full26_size12m/boxing/seed_3,DreamerV3,/mnt/disk1/backup_user/dat.tt2/xuance/logs/external_baselines/dreamerv3_official/full26_size12m/boxing/seed_3/scores.jsonl,seed_3,3,True,seed_3,completed_original_preferred
45.99650793650794,77.44444444444444,True,109,65.10714285714286,64.28571428571429,boxing,64.0,438844.0,/mnt/disk1/backup_user/dat.tt2/xuance/logs/external_baselines/dreamerv3_official/full26_size12m/boxing/seed_4,DreamerV3,/mnt/disk1/backup_user/dat.tt2/xuance/logs/external_baselines/dreamerv3_official/full26_size12m/boxing/seed_4/scores.jsonl,seed_4,4,True,seed_4,completed_original_preferred
4.376165502024635,6.642857142857143,True,332,6.17780987394958,6.642857142857143,breakout,8.0,438276.0,/mnt/disk1/backup_user/dat.tt2/xuance/logs/external_baselines/dreamerv3_official/full26_size12m/breakout/seed_0,DreamerV3,/mnt/disk1/backup_user/dat.tt2/xuance/logs/external_baselines/dreamerv3_official/full26_size12m/breakout/seed_0/scores.jsonl,seed_0,0,True,seed_0,completed_original_preferred
5.909527249711074,9.928571428571429,True,351,8.026079822954824,8.307692307692308,breakout,9.0,438820.0,/mnt/disk1/backup_user/dat.tt2/xuance/logs/external_baselines/dreamerv3_official/full26_size12m/breakout/seed_1,DreamerV3,/mnt/disk1/backup_user/dat.tt2/xuance/logs/external_baselines/dreamerv3_official/full26_size12m/breakout/seed_1/scores.jsonl,seed_1,1,True,seed_1,completed_original_preferred
5.690683765468248,11.6,True,274,9.618181818181817,11.6,breakout,10.0,439928.0,/mnt/disk1/backup_user/dat.tt2/xuance/logs/external_baselines/dreamerv3_official/full26_size12m/breakout/seed_2,DreamerV3,/mnt/disk1/backup_user/dat.tt2/xuance/logs/external_baselines/dreamerv3_official/full26_size12m/breakout/seed_2/scores.jsonl,seed_2,2,True,seed_2,completed_original_preferred
4.4528379300438115,8.153846153846153,True,288,5.862464985994398,5.411764705882353,breakout,10.0,439056.0,/mnt/disk1/backup_user/dat.tt2/xuance/logs/external_baselines/dreamerv3_official/full26_size12m/breakout/seed_3_repair_no_video,DreamerV3,/mnt/disk1/backup_user/dat.tt2/xuance/logs/external_baselines/dreamerv3_official/full26_size12m/breakout/seed_3_repair_no_video/scores.jsonl,seed_3_repair_no_video,3,True,seed_3_repair_no_video,completed_repair_selected
4.006121199594665,7.923076923076923,True,341,6.302197802197802,6.785714285714286,breakout,10.0,439136.0,/mnt/disk1/backup_user/dat.tt2/xuance/logs/external_baselines/dreamerv3_official/full26_size12m/breakout/seed_4,DreamerV3,/mnt/disk1/backup_user/dat.tt2/xuance/logs/external_baselines/dreamerv3_official/full26_size12m/breakout/seed_4/scores.jsonl,seed_4,4,True,seed_4,completed_original_preferred
971.7584776334777,1375.0,True,168,1285.0,1350.0,chopper_command,1600.0,439972.0,/mnt/disk1/backup_user/dat.tt2/xuance/logs/external_baselines/dreamerv3_official/full26_size12m/chopper_command/seed_0,DreamerV3,/mnt/disk1/backup_user/dat.tt2/xuance/logs/external_baselines/dreamerv3_official/full26_size12m/chopper_command/seed_0/scores.jsonl,seed_0,0,True,seed_0,completed_original_preferred
1065.3807303807303,2000.0,True,141,1731.6666666666667,2000.0,chopper_command,2900.0,436520.0,/mnt/disk1/backup_user/dat.tt2/xuance/logs/external_baselines/dreamerv3_official/full26_size12m/chopper_command/seed_1,DreamerV3,/mnt/disk1/backup_user/dat.tt2/xuance/logs/external_baselines/dreamerv3_official/full26_size12m/chopper_command/seed_1/scores.jsonl,seed_1,1,True,seed_1,completed_original_preferred
874.6550324675325,1283.3333333333333,True,175,1071.9602272727273,1006.25,chopper_command,1000.0,439640.0,/mnt/disk1/backup_user/dat.tt2/xuance/logs/external_baselines/dreamerv3_official/full26_size12m/chopper_command/seed_2,DreamerV3,/mnt/disk1/backup_user/dat.tt2/xuance/logs/external_baselines/dreamerv3_official/full26_size12m/chopper_command/seed_2/scores.jsonl,seed_2,2,True,seed_2,completed_original_preferred
1142.3928571428573,1800.0,True,135,1406.9444444444446,1444.4444444444443,chopper_command,1500.0,439448.0,/mnt/disk1/backup_user/dat.tt2/xuance/logs/external_baselines/dreamerv3_official/full26_size12m/chopper_command/seed_3,DreamerV3,/mnt/disk1/backup_user/dat.tt2/xuance/logs/external_baselines/dreamerv3_official/full26_size12m/chopper_command/seed_3/scores.jsonl,seed_3,3,True,seed_3,completed_original_preferred
1103.7711038961038,1440.0,True,161,1275.357142857143,1328.5714285714287,chopper_command,1500.0,436816.0,/mnt/disk1/backup_user/dat.tt2/xuance/logs/external_baselines/dreamerv3_official/full26_size12m/chopper_command/seed_4,DreamerV3,/mnt/disk1/backup_user/dat.tt2/xuance/logs/external_baselines/dreamerv3_official/full26_size12m/chopper_command/seed_4/scores.jsonl,seed_4,4,True,seed_4,completed_original_preferred
60613.33333333333,102000.0,True,32,87262.5,96300.0,crazy_climber,96300.0,429696.0,/mnt/disk1/backup_user/dat.tt2/xuance/logs/external_baselines/dreamerv3_official/full26_size12m/crazy_climber/seed_0,DreamerV3,/mnt/disk1/backup_user/dat.tt2/xuance/logs/external_baselines/dreamerv3_official/full26_size12m/crazy_climber/seed_0/scores.jsonl,seed_0,0,True,seed_0,completed_original_preferred
50437.5,128400.0,True,35,55625.0,66800.0,crazy_climber,38300.0,431056.0,/mnt/disk1/backup_user/dat.tt2/xuance/logs/external_baselines/dreamerv3_official/full26_size12m/crazy_climber/seed_1,DreamerV3,/mnt/disk1/backup_user/dat.tt2/xuance/logs/external_baselines/dreamerv3_official/full26_size12m/crazy_climber/seed_1/scores.jsonl,seed_1,1,True,seed_1,completed_original_preferred
40967.5,74200.0,True,36,55700.0,62900.0,crazy_climber,62900.0,424184.0,/mnt/disk1/backup_user/dat.tt2/xuance/logs/external_baselines/dreamerv3_official/full26_size12m/crazy_climber/seed_2,DreamerV3,/mnt/disk1/backup_user/dat.tt2/xuance/logs/external_baselines/dreamerv3_official/full26_size12m/crazy_climber/seed_2/scores.jsonl,seed_2,2,True,seed_2,completed_original_preferred
46087.5,95700.0,True,37,52462.5,49550.0,crazy_climber,38400.0,435532.0,/mnt/disk1/backup_user/dat.tt2/xuance/logs/external_baselines/dreamerv3_official/full26_size12m/crazy_climber/seed_3,DreamerV3,/mnt/disk1/backup_user/dat.tt2/xuance/logs/external_baselines/dreamerv3_official/full26_size12m/crazy_climber/seed_3/scores.jsonl,seed_3,3,True,seed_3,completed_original_preferred
53775.0,129700.0,True,33,60250.0,62650.0,crazy_climber,29700.0,431848.0,/mnt/disk1/backup_user/dat.tt2/xuance/logs/external_baselines/dreamerv3_official/full26_size12m/crazy_climber/seed_4,DreamerV3,/mnt/disk1/backup_user/dat.tt2/xuance/logs/external_baselines/dreamerv3_official/full26_size12m/crazy_climber/seed_4/scores.jsonl,seed_4,4,True,seed_4,completed_original_preferred
231.64206349206347,360.0,True,115,269.2678571428571,280.0,demon_attack,520.0,437652.0,/mnt/disk1/backup_user/dat.tt2/xuance/logs/external_baselines/dreamerv3_official/full26_size12m/demon_attack/seed_0,DreamerV3,/mnt/disk1/backup_user/dat.tt2/xuance/logs/external_baselines/dreamerv3_official/full26_size12m/demon_attack/seed_0/scores.jsonl,seed_0,0,True,seed_0,completed_original_preferred
222.0939484126984,380.8333333333333,True,121,259.8511904761905,380.8333333333333,demon_attack,50.0,437628.0,/mnt/disk1/backup_user/dat.tt2/xuance/logs/external_baselines/dreamerv3_official/full26_size12m/demon_attack/seed_1,DreamerV3,/mnt/disk1/backup_user/dat.tt2/xuance/logs/external_baselines/dreamerv3_official/full26_size12m/demon_attack/seed_1/scores.jsonl,seed_1,1,True,seed_1,completed_original_preferred
374.146130952381,830.0,True,99,279.7366071428571,283.57142857142856,demon_attack,150.0,438528.0,/mnt/disk1/backup_user/dat.tt2/xuance/logs/external_baselines/dreamerv3_official/full26_size12m/demon_attack/seed_2,DreamerV3,/mnt/disk1/backup_user/dat.tt2/xuance/logs/external_baselines/dreamerv3_official/full26_size12m/demon_attack/seed_2/scores.jsonl,seed_2,2,True,seed_2,completed_original_preferred
261.2432359307359,626.25,True,111,242.67261904761904,286.0,demon_attack,325.0,436388.0,/mnt/disk1/backup_user/dat.tt2/xuance/logs/external_baselines/dreamerv3_official/full26_size12m/demon_attack/seed_3,DreamerV3,/mnt/disk1/backup_user/dat.tt2/xuance/logs/external_baselines/dreamerv3_official/full26_size12m/demon_attack/seed_3/scores.jsonl,seed_3,3,True,seed_3,completed_original_preferred
254.44107142857143,582.5,True,108,232.20238095238093,225.83333333333334,demon_attack,90.0,437952.0,/mnt/disk1/backup_user/dat.tt2/xuance/logs/external_baselines/dreamerv3_official/full26_size12m/demon_attack/seed_4,DreamerV3,/mnt/disk1/backup_user/dat.tt2/xuance/logs/external_baselines/dreamerv3_official/full26_size12m/demon_attack/seed_4/scores.jsonl,seed_4,4,True,seed_4,completed_original_preferred
0.0,0.0,True,53,0.0,0.0,freeway,0.0,433616.0,/mnt/disk1/backup_user/dat.tt2/xuance/logs/external_baselines/dreamerv3_official/full26_size12m/freeway/seed_0,DreamerV3,/mnt/disk1/backup_user/dat.tt2/xuance/logs/external_baselines/dreamerv3_official/full26_size12m/freeway/seed_0/scores.jsonl,seed_0,0,True,seed_0,completed_original_preferred
0.0,0.0,True,53,0.0,0.0,freeway,0.0,433596.0,/mnt/disk1/backup_user/dat.tt2/xuance/logs/external_baselines/dreamerv3_official/full26_size12m/freeway/seed_1,DreamerV3,/mnt/disk1/backup_user/dat.tt2/xuance/logs/external_baselines/dreamerv3_official/full26_size12m/freeway/seed_1/scores.jsonl,seed_1,1,True,seed_1,completed_original_preferred
0.0,0.0,True,53,0.0,0.0,freeway,0.0,433604.0,/mnt/disk1/backup_user/dat.tt2/xuance/logs/external_baselines/dreamerv3_official/full26_size12m/freeway/seed_2,DreamerV3,/mnt/disk1/backup_user/dat.tt2/xuance/logs/external_baselines/dreamerv3_official/full26_size12m/freeway/seed_2/scores.jsonl,seed_2,2,True,seed_2,completed_original_preferred
0.0,0.0,True,53,0.0,0.0,freeway,0.0,433580.0,/mnt/disk1/backup_user/dat.tt2/xuance/logs/external_baselines/dreamerv3_official/full26_size12m/freeway/seed_3,DreamerV3,/mnt/disk1/backup_user/dat.tt2/xuance/logs/external_baselines/dreamerv3_official/full26_size12m/freeway/seed_3/scores.jsonl,seed_3,3,True,seed_3,completed_original_preferred
0.0,0.0,True,53,0.0,0.0,freeway,0.0,433676.0,/mnt/disk1/backup_user/dat.tt2/xuance/logs/external_baselines/dreamerv3_official/full26_size12m/freeway/seed_4,DreamerV3,/mnt/disk1/backup_user/dat.tt2/xuance/logs/external_baselines/dreamerv3_official/full26_size12m/freeway/seed_4/scores.jsonl,seed_4,4,True,seed_4,completed_original_preferred
1322.3529324841825,2600.0,True,162,2277.5833333333335,2476.0,frostbite,2170.0,436908.0,/mnt/disk1/backup_user/dat.tt2/xuance/logs/external_baselines/dreamerv3_official/full26_size12m/frostbite/seed_0,DreamerV3,/mnt/disk1/backup_user/dat.tt2/xuance/logs/external_baselines/dreamerv3_official/full26_size12m/frostbite/seed_0/scores.jsonl,seed_0,0,True,seed_0,completed_original_preferred
866.4068181818182,2795.0,True,183,2367.25,2558.3333333333335,frostbite,1230.0,439480.0,/mnt/disk1/backup_user/dat.tt2/xuance/logs/external_baselines/dreamerv3_official/full26_size12m/frostbite/seed_1,DreamerV3,/mnt/disk1/backup_user/dat.tt2/xuance/logs/external_baselines/dreamerv3_official/full26_size12m/frostbite/seed_1/scores.jsonl,seed_1,1,True,seed_1,completed_original_preferred
1612.5815476190478,3061.6666666666665,True,158,2859.9166666666665,3061.6666666666665,frostbite,3010.0,438008.0,/mnt/disk1/backup_user/dat.tt2/xuance/logs/external_baselines/dreamerv3_official/full26_size12m/frostbite/seed_2,DreamerV3,/mnt/disk1/backup_user/dat.tt2/xuance/logs/external_baselines/dreamerv3_official/full26_size12m/frostbite/seed_2/scores.jsonl,seed_2,2,True,seed_2,completed_original_preferred
221.9012237762238,263.6363636363636,True,233,259.24242424242425,263.6363636363636,frostbite,280.0,438940.0,/mnt/disk1/backup_user/dat.tt2/xuance/logs/external_baselines/dreamerv3_official/full26_size12m/frostbite/seed_3,DreamerV3,/mnt/disk1/backup_user/dat.tt2/xuance/logs/external_baselines/dreamerv3_official/full26_size12m/frostbite/seed_3/scores.jsonl,seed_3,3,True,seed_3,completed_original_preferred
1577.7982142857145,2841.6666666666665,True,160,2722.2023809523807,2841.6666666666665,frostbite,2620.0,437536.0,/mnt/disk1/backup_user/dat.tt2/xuance/logs/external_baselines/dreamerv3_official/full26_size12m/frostbite/seed_4,DreamerV3,/mnt/disk1/backup_user/dat.tt2/xuance/logs/external_baselines/dreamerv3_official/full26_size12m/frostbite/seed_4/scores.jsonl,seed_4,4,True,seed_4,completed_original_preferred
635.7166666666667,1045.0,True,102,886.25,756.0,gopher,500.0,439072.0,/mnt/disk1/backup_user/dat.tt2/xuance/logs/external_baselines/dreamerv3_official/full26_size12m/gopher/seed_0,DreamerV3,/mnt/disk1/backup_user/dat.tt2/xuance/logs/external_baselines/dreamerv3_official/full26_size12m/gopher/seed_0/scores.jsonl,seed_0,0,True,seed_0,completed_original_preferred
796.3333333333334,1906.6666666666667,True,101,1262.5833333333333,1276.0,gopher,2020.0,438872.0,/mnt/disk1/backup_user/dat.tt2/xuance/logs/external_baselines/dreamerv3_official/full26_size12m/gopher/seed_1,DreamerV3,/mnt/disk1/backup_user/dat.tt2/xuance/logs/external_baselines/dreamerv3_official/full26_size12m/gopher/seed_1/scores.jsonl,seed_1,1,True,seed_1,completed_original_preferred
662.3190476190478,1370.0,True,101,1008.5,1035.0,gopher,1460.0,437940.0,/mnt/disk1/backup_user/dat.tt2/xuance/logs/external_baselines/dreamerv3_official/full26_size12m/gopher/seed_2,DreamerV3,/mnt/disk1/backup_user/dat.tt2/xuance/logs/external_baselines/dreamerv3_official/full26_size12m/gopher/seed_2/scores.jsonl,seed_2,2,True,seed_2,completed_original_preferred
689.5333333333334,1128.0,True,99,790.0833333333334,543.3333333333334,gopher,80.0,437648.0,/mnt/disk1/backup_user/dat.tt2/xuance/logs/external_baselines/dreamerv3_official/full26_size12m/gopher/seed_3,DreamerV3,/mnt/disk1/backup_user/dat.tt2/xuance/logs/external_baselines/dreamerv3_official/full26_size12m/gopher/seed_3/scores.jsonl,seed_3,3,True,seed_3,completed_original_preferred
703.3833333333334,1405.0,True,101,1099.25,1405.0,gopher,1380.0,437392.0,/mnt/disk1/backup_user/dat.tt2/xuance/logs/external_baselines/dreamerv3_official/full26_size12m/gopher/seed_4,DreamerV3,/mnt/disk1/backup_user/dat.tt2/xuance/logs/external_baselines/dreamerv3_official/full26_size12m/gopher/seed_4/scores.jsonl,seed_4,4,True,seed_4,completed_original_preferred
5434.801767676768,7595.0,True,173,7564.21875,7558.125,hero,7485.0,439128.0,/mnt/disk1/backup_user/dat.tt2/xuance/logs/external_baselines/dreamerv3_official/full26_size12m/hero/seed_0,DreamerV3,/mnt/disk1/backup_user/dat.tt2/xuance/logs/external_baselines/dreamerv3_official/full26_size12m/hero/seed_0/scores.jsonl,seed_0,0,True,seed_0,completed_original_preferred
5233.72246989122,8550.833333333334,True,171,7973.601190476191,8550.833333333334,hero,11340.0,439152.0,/mnt/disk1/backup_user/dat.tt2/xuance/logs/external_baselines/dreamerv3_official/full26_size12m/hero/seed_1,DreamerV3,/mnt/disk1/backup_user/dat.tt2/xuance/logs/external_baselines/dreamerv3_official/full26_size12m/hero/seed_1/scores.jsonl,seed_1,1,True,seed_1,completed_original_preferred
5458.931974275724,9401.25,True,162,8335.53125,9401.25,hero,11125.0,434320.0,/mnt/disk1/backup_user/dat.tt2/xuance/logs/external_baselines/dreamerv3_official/full26_size12m/hero/seed_2,DreamerV3,/mnt/disk1/backup_user/dat.tt2/xuance/logs/external_baselines/dreamerv3_official/full26_size12m/hero/seed_2/scores.jsonl,seed_2,2,True,seed_2,completed_original_preferred
5871.548748473749,13292.5,True,133,11800.125,13261.0,hero,13355.0,439340.0,/mnt/disk1/backup_user/dat.tt2/xuance/logs/external_baselines/dreamerv3_official/full26_size12m/hero/seed_3,DreamerV3,/mnt/disk1/backup_user/dat.tt2/xuance/logs/external_baselines/dreamerv3_official/full26_size12m/hero/seed_3/scores.jsonl,seed_3,3,True,seed_3,completed_original_preferred
4337.476943889444,7795.0,True,177,7635.401785714286,7795.0,hero,7500.0,435140.0,/mnt/disk1/backup_user/dat.tt2/xuance/logs/external_baselines/dreamerv3_official/full26_size12m/hero/seed_4,DreamerV3,/mnt/disk1/backup_user/dat.tt2/xuance/logs/external_baselines/dreamerv3_official/full26_size12m/hero/seed_4/scores.jsonl,seed_4,4,True,seed_4,completed_original_preferred
238.2678571428571,583.3333333333334,True,120,422.08333333333337,583.3333333333334,james_bond,650.0,436192.0,/mnt/disk1/backup_user/dat.tt2/xuance/logs/external_baselines/dreamerv3_official/full26_size12m/james_bond/seed_0,DreamerV3,/mnt/disk1/backup_user/dat.tt2/xuance/logs/external_baselines/dreamerv3_official/full26_size12m/james_bond/seed_0/scores.jsonl,seed_0,0,True,seed_0,completed_original_preferred
131.48060966810965,340.0,True,153,267.73809523809524,340.0,james_bond,650.0,436824.0,/mnt/disk1/backup_user/dat.tt2/xuance/logs/external_baselines/dreamerv3_official/full26_size12m/james_bond/seed_1,DreamerV3,/mnt/disk1/backup_user/dat.tt2/xuance/logs/external_baselines/dreamerv3_official/full26_size12m/james_bond/seed_1/scores.jsonl,seed_1,1,True,seed_1,completed_original_preferred
210.46590909090907,362.5,True,108,318.3333333333333,333.3333333333333,james_bond,500.0,433188.0,/mnt/disk1/backup_user/dat.tt2/xuance/logs/external_baselines/dreamerv3_official/full26_size12m/james_bond/seed_2,DreamerV3,/mnt/disk1/backup_user/dat.tt2/xuance/logs/external_baselines/dreamerv3_official/full26_size12m/james_bond/seed_2/scores.jsonl,seed_2,2,True,seed_2,completed_original_preferred
129.453373015873,300.0,True,187,257.5892857142857,292.85714285714283,james_bond,300.0,437984.0,/mnt/disk1/backup_user/dat.tt2/xuance/logs/external_baselines/dreamerv3_official/full26_size12m/james_bond/seed_3,DreamerV3,/mnt/disk1/backup_user/dat.tt2/xuance/logs/external_baselines/dreamerv3_official/full26_size12m/james_bond/seed_3/scores.jsonl,seed_3,3,True,seed_3,completed_original_preferred
193.49585137085137,300.0,True,183,277.8769841269841,300.0,james_bond,300.0,438020.0,/mnt/disk1/backup_user/dat.tt2/xuance/logs/external_baselines/dreamerv3_official/full26_size12m/james_bond/seed_4,DreamerV3,/mnt/disk1/backup_user/dat.tt2/xuance/logs/external_baselines/dreamerv3_official/full26_size12m/james_bond/seed_4/scores.jsonl,seed_4,4,True,seed_4,completed_original_preferred
425.64224664224656,1000.0,True,213,806.3131313131314,888.8888888888889,kangaroo,1000.0,438672.0,/mnt/disk1/backup_user/dat.tt2/xuance/logs/external_baselines/dreamerv3_official/full26_size12m/kangaroo/seed_0,DreamerV3,/mnt/disk1/backup_user/dat.tt2/xuance/logs/external_baselines/dreamerv3_official/full26_size12m/kangaroo/seed_0/scores.jsonl,seed_0,0,True,seed_0,completed_original_preferred
642.6327561327561,1488.888888888889,True,222,1413.888888888889,1425.0,kangaroo,1400.0,438220.0,/mnt/disk1/backup_user/dat.tt2/xuance/logs/external_baselines/dreamerv3_official/full26_size12m/kangaroo/seed_1,DreamerV3,/mnt/disk1/backup_user/dat.tt2/xuance/logs/external_baselines/dreamerv3_official/full26_size12m/kangaroo/seed_1/scores.jsonl,seed_1,1,True,seed_1,completed_original_preferred
537.1515151515151,1000.0,True,191,976.3888888888889,1000.0,kangaroo,1200.0,438500.0,/mnt/disk1/backup_user/dat.tt2/xuance/logs/external_baselines/dreamerv3_official/full26_size12m/kangaroo/seed_2,DreamerV3,/mnt/disk1/backup_user/dat.tt2/xuance/logs/external_baselines/dreamerv3_official/full26_size12m/kangaroo/seed_2/scores.jsonl,seed_2,2,True,seed_2,completed_original_preferred
617.4575424575426,1422.2222222222222,True,220,1298.75,1220.0,kangaroo,1000.0,439648.0,/mnt/disk1/backup_user/dat.tt2/xuance/logs/external_baselines/dreamerv3_official/full26_size12m/kangaroo/seed_3,DreamerV3,/mnt/disk1/backup_user/dat.tt2/xuance/logs/external_baselines/dreamerv3_official/full26_size12m/kangaroo/seed_3/scores.jsonl,seed_3,3,True,seed_3,completed_original_preferred
346.72301309801315,760.0,True,221,680.5555555555555,760.0,kangaroo,400.0,439696.0,/mnt/disk1/backup_user/dat.tt2/xuance/logs/external_baselines/dreamerv3_official/full26_size12m/kangaroo/seed_4,DreamerV3,/mnt/disk1/backup_user/dat.tt2/xuance/logs/external_baselines/dreamerv3_official/full26_size12m/kangaroo/seed_4/scores.jsonl,seed_4,4,True,seed_4,completed_original_preferred
6222.283333333334,11343.333333333334,True,79,8153.541666666666,8746.666666666666,krull,13630.0,434584.0,/mnt/disk1/backup_user/dat.tt2/xuance/logs/external_baselines/dreamerv3_official/full26_size12m/krull/seed_0,DreamerV3,/mnt/disk1/backup_user/dat.tt2/xuance/logs/external_baselines/dreamerv3_official/full26_size12m/krull/seed_0/scores.jsonl,seed_0,0,True,seed_0,completed_original_preferred
5590.0583333333325,8407.5,True,79,7776.25,7935.0,krull,6540.0,435600.0,/mnt/disk1/backup_user/dat.tt2/xuance/logs/external_baselines/dreamerv3_official/full26_size12m/krull/seed_1,DreamerV3,/mnt/disk1/backup_user/dat.tt2/xuance/logs/external_baselines/dreamerv3_official/full26_size12m/krull/seed_1/scores.jsonl,seed_1,1,True,seed_1,completed_original_preferred
5508.9,8467.5,True,83,7196.25,6650.0,krull,8060.0,434708.0,/mnt/disk1/backup_user/dat.tt2/xuance/logs/external_baselines/dreamerv3_official/full26_size12m/krull/seed_2,DreamerV3,/mnt/disk1/backup_user/dat.tt2/xuance/logs/external_baselines/dreamerv3_official/full26_size12m/krull/seed_2/scores.jsonl,seed_2,2,True,seed_2,completed_original_preferred
5887.983333333334,8756.666666666666,True,83,7764.166666666666,7330.0,krull,5740.0,436696.0,/mnt/disk1/backup_user/dat.tt2/xuance/logs/external_baselines/dreamerv3_official/full26_size12m/krull/seed_3,DreamerV3,/mnt/disk1/backup_user/dat.tt2/xuance/logs/external_baselines/dreamerv3_official/full26_size12m/krull/seed_3/scores.jsonl,seed_3,3,True,seed_3,completed_original_preferred
6281.375,10153.333333333334,True,76,8932.083333333332,8647.5,krull,6090.0,436076.0,/mnt/disk1/backup_user/dat.tt2/xuance/logs/external_baselines/dreamerv3_official/full26_size12m/krull/seed_4,DreamerV3,/mnt/disk1/backup_user/dat.tt2/xuance/logs/external_baselines/dreamerv3_official/full26_size12m/krull/seed_4/scores.jsonl,seed_4,4,True,seed_4,completed_original_preferred
12835.416666666666,36300.0,True,61,27875.0,21250.0,kung_fu_master,13800.0,437588.0,/mnt/disk1/backup_user/dat.tt2/xuance/logs/external_baselines/dreamerv3_official/full26_size12m/kung_fu_master/seed_0,DreamerV3,/mnt/disk1/backup_user/dat.tt2/xuance/logs/external_baselines/dreamerv3_official/full26_size12m/kung_fu_master/seed_0/scores.jsonl,seed_0,0,True,seed_0,completed_original_preferred
25883.333333333332,57600.0,True,41,28975.0,22600.0,kung_fu_master,22600.0,428368.0,/mnt/disk1/backup_user/dat.tt2/xuance/logs/external_baselines/dreamerv3_official/full26_size12m/kung_fu_master/seed_1,DreamerV3,/mnt/disk1/backup_user/dat.tt2/xuance/logs/external_baselines/dreamerv3_official/full26_size12m/kung_fu_master/seed_1/scores.jsonl,seed_1,1,True,seed_1,completed_original_preferred
13556.666666666668,27800.0,True,57,20658.333333333332,27800.0,kung_fu_master,27400.0,438740.0,/mnt/disk1/backup_user/dat.tt2/xuance/logs/external_baselines/dreamerv3_official/full26_size12m/kung_fu_master/seed_2,DreamerV3,/mnt/disk1/backup_user/dat.tt2/xuance/logs/external_baselines/dreamerv3_official/full26_size12m/kung_fu_master/seed_2/scores.jsonl,seed_2,2,True,seed_2,completed_original_preferred
19754.0,38000.0,True,51,24233.333333333332,31800.0,kung_fu_master,31400.0,436032.0,/mnt/disk1/backup_user/dat.tt2/xuance/logs/external_baselines/dreamerv3_official/full26_size12m/kung_fu_master/seed_3,DreamerV3,/mnt/disk1/backup_user/dat.tt2/xuance/logs/external_baselines/dreamerv3_official/full26_size12m/kung_fu_master/seed_3/scores.jsonl,seed_3,3,True,seed_3,completed_original_preferred
16046.833333333332,38200.0,True,54,19437.5,17050.0,kung_fu_master,14300.0,432592.0,/mnt/disk1/backup_user/dat.tt2/xuance/logs/external_baselines/dreamerv3_official/full26_size12m/kung_fu_master/seed_4,DreamerV3,/mnt/disk1/backup_user/dat.tt2/xuance/logs/external_baselines/dreamerv3_official/full26_size12m/kung_fu_master/seed_4/scores.jsonl,seed_4,4,True,seed_4,completed_original_preferred
1440.729761904762,2895.0,True,152,2586.8898809523807,2895.0,ms_pacman,3830.0,437852.0,/mnt/disk1/backup_user/dat.tt2/xuance/logs/external_baselines/dreamerv3_official/full26_size12m/ms_pacman/seed_0,DreamerV3,/mnt/disk1/backup_user/dat.tt2/xuance/logs/external_baselines/dreamerv3_official/full26_size12m/ms_pacman/seed_0/scores.jsonl,seed_0,0,True,seed_0,completed_original_preferred
871.4900613275613,1733.75,True,171,1419.563492063492,1733.75,ms_pacman,1720.0,440000.0,/mnt/disk1/backup_user/dat.tt2/xuance/logs/external_baselines/dreamerv3_official/full26_size12m/ms_pacman/seed_1,DreamerV3,/mnt/disk1/backup_user/dat.tt2/xuance/logs/external_baselines/dreamerv3_official/full26_size12m/ms_pacman/seed_1/scores.jsonl,seed_1,1,True,seed_1,completed_original_preferred
934.9383658008658,1811.4285714285713,True,171,1553.7103174603176,1532.857142857143,ms_pacman,930.0,438280.0,/mnt/disk1/backup_user/dat.tt2/xuance/logs/external_baselines/dreamerv3_official/full26_size12m/ms_pacman/seed_2,DreamerV3,/mnt/disk1/backup_user/dat.tt2/xuance/logs/external_baselines/dreamerv3_official/full26_size12m/ms_pacman/seed_2/scores.jsonl,seed_2,2,True,seed_2,completed_original_preferred
793.654852092352,1464.2857142857142,True,168,1352.142857142857,1457.142857142857,ms_pacman,1660.0,437708.0,/mnt/disk1/backup_user/dat.tt2/xuance/logs/external_baselines/dreamerv3_official/full26_size12m/ms_pacman/seed_3,DreamerV3,/mnt/disk1/backup_user/dat.tt2/xuance/logs/external_baselines/dreamerv3_official/full26_size12m/ms_pacman/seed_3/scores.jsonl,seed_3,3,True,seed_3,completed_original_preferred
1022.0131673881673,2080.0,True,161,1691.607142857143,1485.0,ms_pacman,1430.0,439832.0,/mnt/disk1/backup_user/dat.tt2/xuance/logs/external_baselines/dreamerv3_official/full26_size12m/ms_pacman/seed_4,DreamerV3,/mnt/disk1/backup_user/dat.tt2/xuance/logs/external_baselines/dreamerv3_official/full26_size12m/ms_pacman/seed_4/scores.jsonl,seed_4,4,True,seed_4,completed_original_preferred
-16.160357142857144,-9.0,True,70,-10.0,-11.5,pong,-13.0,434476.0,/mnt/disk1/backup_user/dat.tt2/xuance/logs/external_baselines/dreamerv3_official/full26_size12m/pong/seed_0,DreamerV3,/mnt/disk1/backup_user/dat.tt2/xuance/logs/external_baselines/dreamerv3_official/full26_size12m/pong/seed_0/scores.jsonl,seed_0,0,True,seed_0,completed_original_preferred
-12.100595238095238,-1.5,True,70,-2.625,-1.5,pong,-8.0,436772.0,/mnt/disk1/backup_user/dat.tt2/xuance/logs/external_baselines/dreamerv3_official/full26_size12m/pong/seed_1,DreamerV3,/mnt/disk1/backup_user/dat.tt2/xuance/logs/external_baselines/dreamerv3_official/full26_size12m/pong/seed_1/scores.jsonl,seed_1,1,True,seed_1,completed_original_preferred
-16.241190476190475,-9.5,True,73,-12.625,-15.0,pong,-16.0,434000.0,/mnt/disk1/backup_user/dat.tt2/xuance/logs/external_baselines/dreamerv3_official/full26_size12m/pong/seed_2,DreamerV3,/mnt/disk1/backup_user/dat.tt2/xuance/logs/external_baselines/dreamerv3_official/full26_size12m/pong/seed_2/scores.jsonl,seed_2,2,True,seed_2,completed_original_preferred
-15.079642857142858,-6.0,True,65,-8.375,-14.0,pong,-14.0,427080.0,/mnt/disk1/backup_user/dat.tt2/xuance/logs/external_baselines/dreamerv3_official/full26_size12m/pong/seed_3,DreamerV3,/mnt/disk1/backup_user/dat.tt2/xuance/logs/external_baselines/dreamerv3_official/full26_size12m/pong/seed_3/scores.jsonl,seed_3,3,True,seed_3,completed_original_preferred
-15.54547619047619,2.0,True,74,-7.25,-11.5,pong,-18.0,433008.0,/mnt/disk1/backup_user/dat.tt2/xuance/logs/external_baselines/dreamerv3_official/full26_size12m/pong/seed_4,DreamerV3,/mnt/disk1/backup_user/dat.tt2/xuance/logs/external_baselines/dreamerv3_official/full26_size12m/pong/seed_4/scores.jsonl,seed_4,4,True,seed_4,completed_original_preferred
72.5,100.0,True,40,100.0,100.0,private_eye,100.0,431216.0,/mnt/disk1/backup_user/dat.tt2/xuance/logs/external_baselines/dreamerv3_official/full26_size12m/private_eye/seed_0,DreamerV3,/mnt/disk1/backup_user/dat.tt2/xuance/logs/external_baselines/dreamerv3_official/full26_size12m/private_eye/seed_0/scores.jsonl,seed_0,0,True,seed_0,completed_original_preferred
70.0,100.0,True,40,100.0,100.0,private_eye,100.0,431140.0,/mnt/disk1/backup_user/dat.tt2/xuance/logs/external_baselines/dreamerv3_official/full26_size12m/private_eye/seed_1,DreamerV3,/mnt/disk1/backup_user/dat.tt2/xuance/logs/external_baselines/dreamerv3_official/full26_size12m/private_eye/seed_1/scores.jsonl,seed_1,1,True,seed_1,completed_original_preferred
86.05,100.0,True,40,100.0,100.0,private_eye,100.0,431168.0,/mnt/disk1/backup_user/dat.tt2/xuance/logs/external_baselines/dreamerv3_official/full26_size12m/private_eye/seed_2,DreamerV3,/mnt/disk1/backup_user/dat.tt2/xuance/logs/external_baselines/dreamerv3_official/full26_size12m/private_eye/seed_2/scores.jsonl,seed_2,2,True,seed_2,completed_original_preferred
67.5,100.0,True,40,100.0,100.0,private_eye,100.0,431244.0,/mnt/disk1/backup_user/dat.tt2/xuance/logs/external_baselines/dreamerv3_official/full26_size12m/private_eye/seed_3,DreamerV3,/mnt/disk1/backup_user/dat.tt2/xuance/logs/external_baselines/dreamerv3_official/full26_size12m/private_eye/seed_3/scores.jsonl,seed_3,3,True,seed_3,completed_original_preferred
2049.725,4517.5,True,40,4149.875,4243.5,private_eye,4058.0,431216.0,/mnt/disk1/backup_user/dat.tt2/xuance/logs/external_baselines/dreamerv3_official/full26_size12m/private_eye/seed_4,DreamerV3,/mnt/disk1/backup_user/dat.tt2/xuance/logs/external_baselines/dreamerv3_official/full26_size12m/private_eye/seed_4/scores.jsonl,seed_4,4,True,seed_4,completed_original_preferred
903.404695998446,3246.875,True,224,1997.829861111111,3246.875,qbert,4050.0,437544.0,/mnt/disk1/backup_user/dat.tt2/xuance/logs/external_baselines/dreamerv3_official/full26_size12m/qbert/seed_0,DreamerV3,/mnt/disk1/backup_user/dat.tt2/xuance/logs/external_baselines/dreamerv3_official/full26_size12m/qbert/seed_0/scores.jsonl,seed_0,0,True,seed_0,completed_original_preferred
609.5068224259401,1025.0,True,257,838.6111111111111,769.4444444444445,qbert,600.0,437984.0,/mnt/disk1/backup_user/dat.tt2/xuance/logs/external_baselines/dreamerv3_official/full26_size12m/qbert/seed_1,DreamerV3,/mnt/disk1/backup_user/dat.tt2/xuance/logs/external_baselines/dreamerv3_official/full26_size12m/qbert/seed_1/scores.jsonl,seed_1,1,True,seed_1,completed_original_preferred
934.1259456434088,3686.1111111111113,True,249,2233.3333333333335,3686.1111111111113,qbert,4050.0,438184.0,/mnt/disk1/backup_user/dat.tt2/xuance/logs/external_baselines/dreamerv3_official/full26_size12m/qbert/seed_2,DreamerV3,/mnt/disk1/backup_user/dat.tt2/xuance/logs/external_baselines/dreamerv3_official/full26_size12m/qbert/seed_2/scores.jsonl,seed_2,2,True,seed_2,completed_original_preferred
652.3683628463041,2588.6363636363635,True,288,1560.7954545454545,2588.6363636363635,qbert,3975.0,438960.0,/mnt/disk1/backup_user/dat.tt2/xuance/logs/external_baselines/dreamerv3_official/full26_size12m/qbert/seed_3,DreamerV3,/mnt/disk1/backup_user/dat.tt2/xuance/logs/external_baselines/dreamerv3_official/full26_size12m/qbert/seed_3/scores.jsonl,seed_3,3,True,seed_3,completed_original_preferred
612.5980918591213,995.0,True,267,841.5340909090909,995.0,qbert,800.0,439076.0,/mnt/disk1/backup_user/dat.tt2/xuance/logs/external_baselines/dreamerv3_official/full26_size12m/qbert/seed_4,DreamerV3,/mnt/disk1/backup_user/dat.tt2/xuance/logs/external_baselines/dreamerv3_official/full26_size12m/qbert/seed_4/scores.jsonl,seed_4,4,True,seed_4,completed_original_preferred
12390.437830687832,21625.0,True,142,18538.75,18600.0,road_runner,18800.0,439712.0,/mnt/disk1/backup_user/dat.tt2/xuance/logs/external_baselines/dreamerv3_official/full26_size12m/road_runner/seed_0,DreamerV3,/mnt/disk1/backup_user/dat.tt2/xuance/logs/external_baselines/dreamerv3_official/full26_size12m/road_runner/seed_0/scores.jsonl,seed_0,0,True,seed_0,completed_original_preferred
11264.543553668555,18325.0,True,142,17158.75,18325.0,road_runner,15800.0,437816.0,/mnt/disk1/backup_user/dat.tt2/xuance/logs/external_baselines/dreamerv3_official/full26_size12m/road_runner/seed_1,DreamerV3,/mnt/disk1/backup_user/dat.tt2/xuance/logs/external_baselines/dreamerv3_official/full26_size12m/road_runner/seed_1/scores.jsonl,seed_1,1,True,seed_1,completed_original_preferred
10902.858225108223,17625.0,True,153,16308.333333333332,17625.0,road_runner,16700.0,436792.0,/mnt/disk1/backup_user/dat.tt2/xuance/logs/external_baselines/dreamerv3_official/full26_size12m/road_runner/seed_2,DreamerV3,/mnt/disk1/backup_user/dat.tt2/xuance/logs/external_baselines/dreamerv3_official/full26_size12m/road_runner/seed_2/scores.jsonl,seed_2,2,True,seed_2,completed_original_preferred
6248.131892230577,9520.0,True,154,8439.166666666666,8560.0,road_runner,8400.0,436680.0,/mnt/disk1/backup_user/dat.tt2/xuance/logs/external_baselines/dreamerv3_official/full26_size12m/road_runner/seed_3,DreamerV3,/mnt/disk1/backup_user/dat.tt2/xuance/logs/external_baselines/dreamerv3_official/full26_size12m/road_runner/seed_3/scores.jsonl,seed_3,3,True,seed_3,completed_original_preferred
5892.247474747475,7816.666666666667,True,153,7090.833333333334,6866.666666666667,road_runner,5800.0,438576.0,/mnt/disk1/backup_user/dat.tt2/xuance/logs/external_baselines/dreamerv3_official/full26_size12m/road_runner/seed_4_repair_no_video,DreamerV3,/mnt/disk1/backup_user/dat.tt2/xuance/logs/external_baselines/dreamerv3_official/full26_size12m/road_runner/seed_4_repair_no_video/scores.jsonl,seed_4_repair_no_video,4,True,seed_4_repair_no_video,completed_repair_selected
400.625,595.0,True,103,488.6666666666667,460.0,seaquest,600.0,438008.0,/mnt/disk1/backup_user/dat.tt2/xuance/logs/external_baselines/dreamerv3_official/full26_size12m/seaquest/seed_0_repair_no_video,DreamerV3,/mnt/disk1/backup_user/dat.tt2/xuance/logs/external_baselines/dreamerv3_official/full26_size12m/seaquest/seed_0_repair_no_video/scores.jsonl,seed_0_repair_no_video,0,True,seed_0_repair_no_video,completed_repair_selected
331.98636363636365,506.6666666666667,True,113,364.4166666666667,368.0,seaquest,200.0,437720.0,/mnt/disk1/backup_user/dat.tt2/xuance/logs/external_baselines/dreamerv3_official/full26_size12m/seaquest/seed_1_repair_no_video,DreamerV3,/mnt/disk1/backup_user/dat.tt2/xuance/logs/external_baselines/dreamerv3_official/full26_size12m/seaquest/seed_1_repair_no_video/scores.jsonl,seed_1_repair_no_video,1,True,seed_1_repair_no_video,completed_repair_selected
400.7646825396825,713.3333333333334,True,100,451.75,512.0,seaquest,420.0,438304.0,/mnt/disk1/backup_user/dat.tt2/xuance/logs/external_baselines/dreamerv3_official/full26_size12m/seaquest/seed_2_repair_no_video,DreamerV3,/mnt/disk1/backup_user/dat.tt2/xuance/logs/external_baselines/dreamerv3_official/full26_size12m/seaquest/seed_2_repair_no_video/scores.jsonl,seed_2_repair_no_video,2,True,seed_2_repair_no_video,completed_repair_selected
321.1928571428572,440.0,True,106,380.5,290.0,seaquest,300.0,437704.0,/mnt/disk1/backup_user/dat.tt2/xuance/logs/external_baselines/dreamerv3_official/full26_size12m/seaquest/seed_3_repair_no_video,DreamerV3,/mnt/disk1/backup_user/dat.tt2/xuance/logs/external_baselines/dreamerv3_official/full26_size12m/seaquest/seed_3_repair_no_video/scores.jsonl,seed_3_repair_no_video,3,True,seed_3_repair_no_video,completed_repair_selected
305.98809523809524,428.0,True,116,392.5,388.0,seaquest,300.0,436876.0,/mnt/disk1/backup_user/dat.tt2/xuance/logs/external_baselines/dreamerv3_official/full26_size12m/seaquest/seed_4_repair_no_video,DreamerV3,/mnt/disk1/backup_user/dat.tt2/xuance/logs/external_baselines/dreamerv3_official/full26_size12m/seaquest/seed_4_repair_no_video/scores.jsonl,seed_4_repair_no_video,4,True,seed_4_repair_no_video,completed_repair_selected
14290.842592592593,58370.0,True,59,16100.833333333334,15250.0,up_n_down,13040.0,436704.0,/mnt/disk1/backup_user/dat.tt2/xuance/logs/external_baselines/dreamerv3_official/full26_size12m/up_n_down/seed_0_repair_no_video,DreamerV3,/mnt/disk1/backup_user/dat.tt2/xuance/logs/external_baselines/dreamerv3_official/full26_size12m/up_n_down/seed_0_repair_no_video/scores.jsonl,seed_0_repair_no_video,0,True,seed_0_repair_no_video,completed_repair_selected
12914.078125,78620.0,True,58,15666.25,11145.0,up_n_down,9290.0,434988.0,/mnt/disk1/backup_user/dat.tt2/xuance/logs/external_baselines/dreamerv3_official/full26_size12m/up_n_down/seed_1_repair_no_video,DreamerV3,/mnt/disk1/backup_user/dat.tt2/xuance/logs/external_baselines/dreamerv3_official/full26_size12m/up_n_down/seed_1_repair_no_video/scores.jsonl,seed_1_repair_no_video,1,True,seed_1_repair_no_video,completed_repair_selected
2710.3704365079366,4664.285714285715,True,158,3993.5714285714284,4664.285714285715,up_n_down,4320.0,437620.0,/mnt/disk1/backup_user/dat.tt2/xuance/logs/external_baselines/dreamerv3_official/full26_size12m/up_n_down/seed_2_repair_no_video,DreamerV3,/mnt/disk1/backup_user/dat.tt2/xuance/logs/external_baselines/dreamerv3_official/full26_size12m/up_n_down/seed_2_repair_no_video/scores.jsonl,seed_2_repair_no_video,2,True,seed_2_repair_no_video,completed_repair_selected
14606.145959595959,73020.0,True,52,24501.666666666668,16050.0,up_n_down,3580.0,436296.0,/mnt/disk1/backup_user/dat.tt2/xuance/logs/external_baselines/dreamerv3_official/full26_size12m/up_n_down/seed_3_repair_no_video,DreamerV3,/mnt/disk1/backup_user/dat.tt2/xuance/logs/external_baselines/dreamerv3_official/full26_size12m/up_n_down/seed_3_repair_no_video/scores.jsonl,seed_3_repair_no_video,3,True,seed_3_repair_no_video,completed_repair_selected
59523.603305785124,194990.0,True,47,194990.0,194990.0,up_n_down,194990.0,425352.0,/mnt/disk1/backup_user/dat.tt2/xuance/logs/external_baselines/dreamerv3_official/full26_size12m/up_n_down/seed_4_repair2_no_video,DreamerV3,/mnt/disk1/backup_user/dat.tt2/xuance/logs/external_baselines/dreamerv3_official/full26_size12m/up_n_down/seed_4_repair2_no_video/scores.jsonl,seed_4_repair2_no_video,4,True,seed_4_repair2_no_video,completed_repair_selected
